date,avg_temperature,humidity,co2_emission,energy_consumption,renewable_share,urban_population,industrial_activity_index,energy_price
1/1/2020,28.29,31.08,212.63,11348.75,14.42,76.39,51.22,83.93
2/1/2020,28.38,37.94,606.05,4166.64,5.63,86.26,78.27,110.4
3/1/2020,28.74,57.67,268.72,4503.8,14.2,75.92,48.96,173.58
4/1/2020,26.66,51.34,167.32,3259.13,13.84,63.15,97.42,89.13
5/1/2020,26.81,65.38,393.89,7023.72,6.93,76.02,81.89,40.6
6/1/2020,27.81,32.92,644.48,11955.99,7.08,78.71,78.7,128.62
7/1/2020,29.25,59.4,259.19,4023.14,8.57,75.15,58.83,96.99
8/1/2020,28.9,55.12,76.08,5582.5,12.4,65.77,56.95,70.62
9/1/2020,26.98,88.36,122.54,7129.83,5.95,81.62,48.08,62.45
10/1/2020,27.05,31.19,253.33,4006.5,12.56,85.8,70.89,32.5
11/1/2020,28.75,89.33,245.71,1826.43,11.97,61.75,40.08,182.8
12/1/2020,28.32,48.71,704.67,11142.89,7.38,88.69,65.67,98.55
13/1/2020,27.71,69.36,673.64,4082,10.5,78.04,91.73,64.2
14/1/2020,29.47,67.07,98.61,6209.55,9.04,61.31,69.46,169.26
15/1/2020,28.74,33.99,522.04,9372.75,5.43,79.02,95.66,161.27
16/1/2020,28.6,88.14,567.84,4222.41,9.89,89.61,80.82,36.74
17/1/2020,29.76,87.99,497.18,7873.18,12.38,87.89,64.13,162.55
18/1/2020,28.52,30.67,392.93,6818.65,10.65,86.08,78.04,118.72
19/1/2020,28.83,41.36,201.45,11325.05,11.06,77.92,51.22,34.67
20/1/2020,29.24,67.17,639.19,3711.64,5.49,70.4,92.49,84.28
21/1/2020,29.99,73.81,462.57,6296.38,14.28,72.98,96.39,95.39
22/1/2020,27.68,60.46,396.19,1701.11,6.71,88.92,69.63,144.6
23/1/2020,28.57,43.33,234.18,9347.77,6.27,70.04,62.63,89.69
24/1/2020,26.67,49.9,509.11,9811.14,12.9,81.17,54.19,129.29
25/1/2020,29.04,35.25,589.62,3840.67,10.24,62.59,61.83,119.29
26/1/2020,29.4,57.38,297.26,9874.91,5.68,67.38,57.11,91.84
27/1/2020,29.57,61.48,95.92,9560.11,11.28,71.33,52.07,193.54
28/1/2020,29.12,78.86,699.09,3613.73,9.77,73.74,71.11,195.12
29/1/2020,28.47,69.43,400.47,8347.11,9.65,69.61,48.2,52.34
30/1/2020,26.73,73.36,603.23,8650,11.81,71.27,97.36,175.57
31/1/2020,29.6,72.51,507.57,7990.14,14.77,62.93,49.83,192.98
1/2/2020,30.68,78.87,871.14,6768.59,10.07,63.06,99.06,49.45
2/2/2020,32.94,34.06,808.92,1902.59,14.11,62.95,70.66,154.68
3/2/2020,29.58,78.53,861.99,11751.94,14.87,80.81,78.3,70.29
4/2/2020,32.77,57.18,576.56,9731.73,5.16,85.75,68.8,166.09
5/2/2020,32.49,42.64,903.97,8058.8,8.28,84.89,91.67,164.51
6/2/2020,32.11,59.6,472.5,4744.98,7.78,79.24,41.65,169.1
7/2/2020,34.58,66.09,449.06,14916.15,9.04,63.26,97.64,64.82
8/2/2020,34.78,66.09,867.34,6204.52,13.22,85.23,71.45,181.33
9/2/2020,30.55,55.14,468.12,4047.52,12.29,63.48,41.33,145.43
10/2/2020,35.02,78.29,227.1,12767.87,9.48,88.96,92.83,163.44
11/2/2020,32.66,63.17,518.97,1885.76,5.03,86.02,89.87,191.62
12/2/2020,30.07,56.37,875.79,2722.01,13.61,63.86,42.13,170.22
13/2/2020,33.14,67.02,200.46,5040.88,9.58,87.12,54.43,155.26
14/2/2020,31.29,55.78,160.14,13015.97,14.21,79.43,68.29,35.83
15/2/2020,30.68,40.64,503.84,5868.49,13.09,78.31,97.52,170.47
16/2/2020,30.44,50.62,658.6,14358.32,8.65,66.24,84.85,78.34
17/2/2020,29.79,75.74,780.7,9986.24,6.25,79.65,54.95,129.35
18/2/2020,29.97,31.75,178.62,13826.53,11.53,77.32,52.03,113
19/2/2020,30.48,30.11,917.78,10015.62,9.6,70.66,52.27,104.05
20/2/2020,30.49,53.95,489.73,2441.82,6.03,67.85,69.86,122.18
21/2/2020,30.91,62.53,127.66,8172.66,5.55,60.47,43.87,130.16
22/2/2020,34.41,86.16,592.33,7681.87,5.11,87.69,77.33,145.68
23/2/2020,30.76,51.2,401.54,4540.99,6.26,79.52,72.06,178.28
24/2/2020,31.58,54.15,240.51,11762.45,6.24,71.03,77.52,58.23
25/2/2020,33.64,87.25,385.56,7062.98,9.41,67.9,51.37,34.68
26/2/2020,32.83,68.79,621.2,5163.89,9.8,71.28,63.75,143.32
27/2/2020,31.79,64.2,178.15,6404.09,14.7,83.26,51.23,188.75
28/2/2020,32.68,61.78,279.23,2963.86,12.55,65.98,97.61,147.63
29/2/2020,32.27,69.48,646.75,4051.86,5.52,69.25,49.23,103.12
1/3/2020,36.53,34.45,888.03,9650.48,10.64,75.49,86.16,83.33
2/3/2020,33.38,39.65,315.96,13218.7,6.86,79.89,74.74,197.19
3/3/2020,37.08,35.18,637.86,2316.9,13.01,64.04,61.96,43.05
4/3/2020,33.14,30.42,144.51,9996.32,14.33,85.21,82.5,172.12
5/3/2020,30.8,55.14,747.17,10260.59,13.51,86.78,61.22,104.7
6/3/2020,34.74,40.32,416.19,10353.21,8.71,75.65,42.14,52.68
7/3/2020,35.55,49.53,721.12,8308.2,6.58,75.09,88.66,153.71
8/3/2020,35.31,67.13,774.33,11465.36,6,64.1,63.8,80.04
9/3/2020,31,83.73,446.01,15571.63,13.58,86.65,72.24,121.42
10/3/2020,34.52,74.11,574.01,4955.51,14.72,78.41,70.61,141.24
11/3/2020,36.05,88.64,243.01,2751.45,8.06,76.24,63.06,147.1
12/3/2020,32.6,51.92,494.73,7228.56,14.49,65.42,68.52,146.31
13/3/2020,33.39,79.21,949.29,12036.99,8.14,65.11,81.41,182.99
14/3/2020,34.5,60.17,567.37,12281.41,11.61,80.37,42.74,35.18
15/3/2020,36.28,42.23,334.64,4359.44,9.35,69.77,57.31,46.99
16/3/2020,35.99,81.57,760.32,4861.72,13.7,89.64,40.45,164.04
17/3/2020,31.15,39.63,142.23,12535.68,13.34,74.91,53.66,159.31
18/3/2020,31.14,38.48,467.74,7480.99,9.67,73.13,40.61,128.35
19/3/2020,35.73,33.37,827.2,5589.76,6.73,65.91,63.09,67.23
20/3/2020,31.18,64.04,364.34,8328.66,5.31,80.83,81.19,151.14
21/3/2020,30.79,35.71,420.74,6960.68,9.06,81.78,47.39,76.56
22/3/2020,35.55,63.71,406.49,3946.71,13.38,83.14,74.51,129.39
23/3/2020,35.54,68.3,421.82,15006.93,7.53,67.31,80.06,66.82
24/3/2020,36.87,54.62,709.6,3539.39,11.01,80.46,44.91,33
25/3/2020,31.52,82.4,167.86,8123.51,6.91,68.78,55.42,98.06
26/3/2020,33.76,56.09,624.86,15073.69,5.98,82.57,82.93,180.01
27/3/2020,36.98,32.67,191.14,11786.22,7.58,66.66,88.39,172.18
28/3/2020,37.15,80.75,565.13,15691.26,9.2,89.27,91.47,84.17
29/3/2020,36.69,74.5,870.17,5216.4,9.62,82.32,41.04,36.9
30/3/2020,36.97,34.03,929.22,8387.79,5.76,62.97,43.32,112.65
31/3/2020,34.33,33.74,392.91,10830.5,14.9,74.77,58.95,191.5
1/4/2020,34.69,38.84,844.31,12801.03,6.64,89.84,40.11,81.1
2/4/2020,32.59,59.74,811.97,2609.17,10.86,67.05,82.34,56.85
3/4/2020,31.15,83.53,853.51,14774.63,11.15,65.42,94.68,182
4/4/2020,32.16,41.42,669.35,7512.42,14.56,85.77,61.91,153.28
5/4/2020,34.53,38.21,587.88,6239.39,14.17,79.56,63.17,187.81
6/4/2020,33.19,84.03,536.93,4072.95,10.79,69.13,46.82,61.6
7/4/2020,29.51,46.32,243.12,6912.38,5.35,67.34,69.6,51.37
8/4/2020,35.01,54.49,114.33,2591.17,8.12,89.76,46.21,119.18
9/4/2020,31.48,86.63,496.91,10326.94,9.14,87.38,51.15,37.65
10/4/2020,33.42,47.38,866.26,10926.18,11.71,72.14,43.02,91.72
11/4/2020,33.98,39.95,253.83,4837.06,5.04,87.65,85.45,162.57
12/4/2020,33.82,50.37,875.42,8768.07,6.28,63.43,60.19,144.82
13/4/2020,33.79,41.13,370.64,3072.27,12.89,74.37,86.31,94.49
14/4/2020,33.36,34.17,448.53,11583.32,6.84,65.67,78.73,76.57
15/4/2020,31.15,79.93,395.37,12815.56,10.79,81.7,99.18,185.34
16/4/2020,32.83,50.87,640.08,8392.22,12.71,88.62,88.53,118.59
17/4/2020,33.17,88.37,453.96,8127.43,14.21,63.18,62.99,147.91
18/4/2020,33.36,51.38,640.47,3818.58,5.85,68.86,48.1,64.38
19/4/2020,32.74,89.28,253.68,13707.73,14.67,69.21,47.76,36.38
20/4/2020,33.4,77.4,270,9957.17,7.03,65.98,57.37,153.42
21/4/2020,33.99,78.23,863.68,2607.31,12.94,78.1,49.59,78.34
22/4/2020,29.54,68.49,928.03,3865.88,12.51,75.36,43.04,148.63
23/4/2020,32.79,55.63,707.68,8992.8,14.43,67.14,57.58,183.03
24/4/2020,34.06,88.6,287.1,9757.31,12.07,83.69,81.6,52.83
25/4/2020,33.55,30.27,380.25,14736.76,5.45,85.75,68.7,68.24
26/4/2020,31.66,46.67,112.22,6273.14,13.77,77.56,43.33,57.96
27/4/2020,30.76,72.38,816.61,11776.65,12.91,61.45,74.76,70.26
28/4/2020,30.68,79.4,635.93,10146.96,13.54,60.08,64.94,61.23
29/4/2020,32.02,39.71,638.66,2070.97,13.07,77.52,49.39,33.98
30/4/2020,31.25,59.28,344.56,13951.34,8.45,65.24,72.1,41.83
1/5/2020,28.27,66.75,718.36,7046.64,6.02,87.74,93.03,125.1
2/5/2020,29.62,55.18,250,2007.23,6.02,61.48,60.74,184.55
3/5/2020,29.25,53.77,525.41,6975.73,12.97,80.78,91.41,175.16
4/5/2020,28.77,49.18,420.68,5823.43,8.7,64.97,46.17,84.68
5/5/2020,27.01,85.41,630.68,7845.34,11.05,86.11,58.09,194.29
6/5/2020,29,61.4,557.28,9173.75,8.37,64.84,95.7,108.31
7/5/2020,28.73,33.15,342.59,10677.15,6.94,79.7,54.62,129.32
8/5/2020,27.58,71.85,724.84,2400.48,8.35,76.21,70.41,86.16
9/5/2020,27.51,72.95,82.47,9895.94,6.92,64.05,84.17,59
10/5/2020,26.54,60,134.9,11709.31,9.85,86.16,90.28,176.58
11/5/2020,27.2,86.64,572.58,6653.57,13.8,65.43,66.32,123.98
12/5/2020,28.66,40.19,125.01,9110.29,13.28,63.28,73.46,154.69
13/5/2020,28.38,63.41,562.86,11604.27,13.94,81.31,41.41,51.47
14/5/2020,28.95,66.25,328.41,5537.23,8.3,65.45,81.54,45.64
15/5/2020,29.24,76.42,648.72,10570.35,14.48,79.32,49.23,176.95
16/5/2020,27.84,66.55,364.84,7329.68,11.85,66.76,97.51,86.41
17/5/2020,27.88,60.78,78,11343.06,11.41,63.14,85.6,199.4
18/5/2020,28.36,60.94,376.48,8890.9,6.66,61.68,92.9,101.91
19/5/2020,26.5,64.46,495.36,6513.41,7.23,76.82,56.33,196.53
20/5/2020,28.59,40.49,446.44,10459.63,12.15,63.29,72.96,49.71
21/5/2020,28.45,60.46,354.6,11357.31,8.76,79.52,72.54,197.94
22/5/2020,28.57,84.73,731.54,11854.58,6.55,73.59,51.21,138.13
23/5/2020,27.1,40.89,141.74,3413.72,5.46,76.5,74.48,139.71
24/5/2020,27.4,73.25,697.09,8551.78,12.04,63.39,65.06,199.55
25/5/2020,28.96,69.41,689.46,5261.78,10.94,85.92,79.51,32.69
26/5/2020,27.57,84.93,653.52,11569.43,9.19,89.22,66.16,138.51
27/5/2020,27.62,31.17,91.4,7099.38,11.83,68.2,44.4,137.04
28/5/2020,26.79,43.92,391.06,2315.93,14.88,64.04,65.55,105.46
29/5/2020,29.03,50.15,639.17,4800.02,6.68,69.08,62.06,132.23
30/5/2020,28.62,73.72,377.61,7873.45,14.14,65.46,66.44,58.88
31/5/2020,29.48,44,468.34,2404.31,5.58,78.68,63.45,71.07
1/6/2020,22.49,61.6,363,7972.31,13.34,67.57,97.98,150.52
2/6/2020,22.49,35.65,203.84,7699.57,6.95,86.74,66.16,112.28
3/6/2020,22.49,49.75,103.28,4553.09,6.56,71.53,42.3,177.08
4/6/2020,22.49,46.06,463.05,2030.2,8.12,85.59,72.56,108.74
5/6/2020,22.49,52.89,207.6,5606.99,10.99,68.18,45.42,153.47
6/6/2020,22.49,55.5,455.31,5524.97,10.85,62.69,89.42,105.27
7/6/2020,22.49,88.4,205.87,4021.86,14.18,86.95,81.58,198.93
8/6/2020,22.49,40.48,237.82,6983.04,9.78,82.95,47.13,81.93
9/6/2020,22.49,76.66,158.4,1144.24,10.11,63.18,57.07,193.31
10/6/2020,22.49,38.72,443.14,7217.81,9.02,82.6,83.48,36.84
11/6/2020,22.49,89.88,381.08,4409.47,6.81,76.19,89.06,69.6
12/6/2020,22.49,30.52,171.9,3434.64,11.2,81.54,97.21,77.57
13/6/2020,22.49,47.02,193.46,4137.3,14.3,86.78,81.47,170.54
14/6/2020,22.49,73.14,431.81,1119.81,5.63,88.68,91.09,88.59
15/6/2020,22.49,38.1,483.2,2586.44,9.77,86.14,63.01,37.61
16/6/2020,22.49,50.14,101.53,2669.79,13.7,76.75,80.21,42.18
17/6/2020,22.49,50.39,373.5,5160.04,5.32,81.45,64.09,47.09
18/6/2020,22.49,51.07,303.04,4893.53,13.56,83.59,96.52,167.19
19/6/2020,22.49,56.26,343.37,3635.36,5.07,62.22,54.26,142.16
20/6/2020,22.49,82.89,145.66,6257.81,10.37,70.35,88.32,45.42
21/6/2020,22.49,69.1,486.73,3082.68,12.34,79.3,79.18,33.92
22/6/2020,22.49,34.76,258.75,2769.41,14.66,81.22,54.23,98.82
23/6/2020,22.49,84.12,262.75,6056.62,14.93,61.49,56.54,99.28
24/6/2020,22.49,64.77,483.84,5863.36,13.53,69.64,55.37,198.84
25/6/2020,22.49,81.32,439.89,3004.11,9.88,76.35,44.61,198.87
26/6/2020,22.49,72.01,192.98,7596.09,13.6,62.15,65.51,118.64
27/6/2020,22.49,68.85,144.65,1435.12,5.24,88.2,48.61,71.05
28/6/2020,22.49,57.38,269.31,3883.77,8.35,63.49,92.12,153.8
29/6/2020,22.49,82.64,311.38,3532.14,6.93,79.63,97.51,62.84
30/6/2020,22.49,40.15,381.54,1797.56,11.83,86.68,79.32,42.76
1/7/2020,18.14,39.06,151.98,7488.33,8.12,65.05,42.23,146.97
2/7/2020,16.72,38.16,174.45,8905.51,8.12,78.85,89.3,139.13
3/7/2020,16.25,32.04,138.26,8331.26,14.71,67.92,57.88,91.78
4/7/2020,18.23,87.88,582.72,3860.32,9.73,84.15,81.32,171
5/7/2020,15.6,48.56,672.41,10603.85,7.09,81.1,67.82,65.91
6/7/2020,18.29,57.95,336.23,8146.81,7.13,62.11,57.35,108.85
7/7/2020,18.44,35.77,166.49,3194.58,6.62,79.13,80.97,125.61
8/7/2020,16.41,58.07,115.01,3986.62,12.19,69.25,40.8,123.18
9/7/2020,16.84,62.22,376.45,4443.37,10.96,60.07,52.86,150.05
10/7/2020,17.76,37.37,695.52,4048.21,9.09,73.25,66.94,60.17
11/7/2020,17.06,48.17,710.3,8648.81,8.37,67.12,71.15,184.9
12/7/2020,15.71,51.48,500.7,2054,10.99,88.7,64.43,197.6
13/7/2020,16.85,71.97,739.25,11359.69,10.52,63.87,67.43,182.74
14/7/2020,15.7,44.59,400.52,8971.14,13.87,63.82,87.21,55.92
15/7/2020,16.82,46.36,464.86,5888.6,10.05,62.95,70.11,39.99
16/7/2020,17.68,70.23,294.12,8010.85,6.51,85.15,86.75,194.58
17/7/2020,16.04,81.31,650.69,5048.88,10.4,67.81,96.84,166.23
18/7/2020,15.67,40.88,408.55,10994.53,10.93,62.16,98.35,72.62
19/7/2020,18.15,32.96,261.75,6372.81,12.56,77.31,86.08,124.3
20/7/2020,16.02,88.06,710.98,9719.91,10.45,60.1,81.8,107.5
21/7/2020,15.53,30.91,393.13,11903.36,11.22,88.4,64.32,136.41
22/7/2020,15.99,76.29,212.19,3898.14,11.6,83.73,79.1,83.19
23/7/2020,15.14,32.65,189.75,6794.98,12.84,71.6,81.84,73.37
24/7/2020,17.19,67.7,243.5,4425.56,6.84,76.15,46.84,94.86
25/7/2020,16.82,57.42,646.24,6483.69,13.53,85.81,58.59,75.68
26/7/2020,15.99,89.38,591.24,6099.77,14.23,78.58,97.38,89.6
27/7/2020,16.02,56.72,447.86,3742.38,5.17,65.1,60.7,163.53
28/7/2020,16.86,63.85,661.69,5021.52,10.72,66.22,70.72,196.78
29/7/2020,15.77,62.11,181.7,4235.78,11.06,62.38,65.7,61.14
30/7/2020,15.36,85.09,116.76,7965.03,12.37,76.01,47.21,41.73
31/7/2020,16.92,35.17,690.17,11734.93,12.56,78.77,64.79,82.44
1/8/2020,10.86,86.18,546.81,11436.14,14.42,77.26,47.11,170.96
2/8/2020,14.09,59.22,417.95,12391.27,13.31,79.11,61.29,195.74
3/8/2020,9.57,82.09,366.42,13859.64,6.88,65.43,87.42,131.27
4/8/2020,13.38,81.33,692.23,5558.87,9.23,80.07,75.49,35.24
5/8/2020,9.56,75.69,526.81,11886.5,7.43,83.68,97.51,168.91
6/8/2020,13.85,76.18,915,3403.6,14.33,77.19,50.17,65.56
7/8/2020,13.76,60.08,675.63,14229.94,7.26,83.39,74.11,190.61
8/8/2020,13.98,86.33,316.94,5151.71,5.58,88.49,89.98,123.99
9/8/2020,15.27,71.68,667.27,8507.14,14.5,77.98,56.99,58.49
10/8/2020,12.37,66.18,246.52,13902.23,8.79,65.55,86.32,151.31
11/8/2020,14.79,31.45,306.31,7658.84,8.45,72.94,96.19,199.59
12/8/2020,14.48,57.13,843.15,4568.45,14.9,67.28,41.59,155.92
13/8/2020,11.67,86.45,545.33,13776.9,14.68,64.52,61.06,38.06
14/8/2020,14.48,85.37,222.41,9185.31,6.46,75.05,78.33,164.9
15/8/2020,10.98,71.84,852.22,1971.73,10.98,88.18,98.14,100.62
16/8/2020,14.25,51.81,784.58,9575.8,13.62,89.96,89.53,83.31
17/8/2020,11.76,33.95,664.57,1906.97,11.34,60.9,94.06,130.14
18/8/2020,12.27,59.39,238.42,11989.8,11.85,67.61,99.97,164.13
19/8/2020,9.67,81.26,595.35,3949.55,14.77,75.72,82.3,167.92
20/8/2020,13.29,35.23,611.89,11541.46,8.52,64.01,98.45,166.95
21/8/2020,10.44,73.47,383.88,3180.48,5.6,87.13,92.06,156
22/8/2020,10.25,48.34,856.99,3533.97,7.74,66.55,87.66,76.47
23/8/2020,9.6,47.62,312.98,10171.59,6.91,64.71,82.59,159.76
24/8/2020,11.43,63.37,190.83,14329.94,13.06,87.91,95.23,42.92
25/8/2020,14.08,54.75,382.19,6455.85,13.6,87.08,61.69,64.41
26/8/2020,12.42,71.04,612.63,5653.06,10.57,61.8,58.62,191.62
27/8/2020,12.51,44.56,694.19,11520.01,13.27,76.55,81.53,181.25
28/8/2020,11.76,79.63,928.04,11984.92,8.18,82.21,70.73,68.57
29/8/2020,14.37,36.44,780.57,7791.87,11.86,86.15,58.59,55.91
30/8/2020,12.84,78.65,215.63,14277.73,13.66,78.71,44.31,141.89
31/8/2020,9.87,84.76,871.37,14366.92,6.51,67.16,75.27,120.97
1/9/2020,12.45,36.62,567.1,12519.96,8.11,79.29,55.71,174.59
2/9/2020,12.6,70.07,246.08,11745.15,7.43,73.06,62.96,154.35
3/9/2020,8.42,59.14,550.37,6718.01,7.23,60.48,45.75,72.74
4/9/2020,7.74,56.97,568.45,7772.36,11.79,81.44,43.89,119.8
5/9/2020,12.3,89.89,891.64,4470.31,14.71,72.27,56.71,198.79
6/9/2020,9.89,45.94,621.95,8173.2,12.84,82.41,68.89,184.93
7/9/2020,8.56,68.39,931.09,5673.48,5.31,63.02,56.65,186.67
8/9/2020,9.22,78.37,679.6,2815.81,11.52,87.28,71.29,190.62
9/9/2020,12.38,62.51,262.63,9251.89,13.81,89.32,50.3,125.59
10/9/2020,9.53,50.77,379.41,15515.51,14.12,73.98,84.22,165.59
11/9/2020,8.58,53.83,242.57,14680.7,10.06,64.04,63.3,124.76
12/9/2020,10.79,40.48,443.8,2718.22,6.66,64.4,55.87,51.16
13/9/2020,10.3,57.36,936.55,9595.92,7.35,73.42,83.58,144.55
14/9/2020,13.46,34.71,219.69,9976.69,5.68,74.49,95.9,52.94
15/9/2020,14.28,62.36,342.8,11197.45,9.34,61.78,61.53,138.28
16/9/2020,12.06,69.03,876.93,8007.92,9.83,75.15,84.04,180.12
17/9/2020,11.44,34.19,958.86,14225.42,14.67,88.29,42.52,44.52
18/9/2020,10.13,83.49,870.45,15023.82,8.36,67.42,50.71,161.71
19/9/2020,10.31,67.77,194.39,5445.18,7.15,61.08,47.85,34.14
20/9/2020,12.93,75.98,636.32,13957.64,9.56,83.97,72.61,124.07
21/9/2020,13.8,61.34,108.68,5608.76,13.12,72.47,98.75,197.85
22/9/2020,9.85,80.56,573.06,2996.48,7.56,74.4,85.34,157.42
23/9/2020,14.43,62.51,214.29,8349.1,14.53,62.89,94.58,176.31
24/9/2020,12.6,44.89,770.56,11824.47,10.22,79.61,62.5,115.43
25/9/2020,9.68,61.67,188.27,15523.98,5.49,72.05,81.43,152.54
26/9/2020,9.56,80.45,692.96,8370.94,14.93,86.56,76.73,167.5
27/9/2020,8.89,54.61,430.04,15764.09,5.24,63.22,70.53,79.69
28/9/2020,9.33,66.7,159.18,3950.48,10.75,78.46,64.19,35.16
29/9/2020,7.74,38.8,423.37,12546.33,13.81,70.78,99.75,174.91
30/9/2020,10,56.36,700.13,14080.44,7.95,66.58,80.28,33.89
1/10/2020,13.29,42.23,827.5,3111.61,8.69,83.66,76.35,80.3
2/10/2020,10.67,43.5,353.18,7400.44,11.93,81.01,40.05,72.02
3/10/2020,10.67,84.47,129.74,5932.48,9.52,69.25,89.12,39.39
4/10/2020,10.13,72.08,231.62,6910.51,8.8,75.32,51.91,107.64
5/10/2020,14.25,77.61,715.52,4968.65,13.98,82.01,44.29,141.45
6/10/2020,15.3,33.65,331.15,13392.51,11.35,79.54,95.35,46.97
7/10/2020,11.62,82.85,760.71,6049.31,12.7,60.83,95.67,45.96
8/10/2020,13.09,47.4,829.52,4574.71,11,70.59,68.71,39.56
9/10/2020,15.08,42.6,633.65,10400.17,7.25,86.52,75.83,108.41
10/10/2020,10.22,67,256.39,10423.71,11.89,82.27,81.55,48.66
11/10/2020,11.07,34.5,719.06,13197.73,13.98,79.88,75.82,142.45
12/10/2020,14.44,76.9,202.33,5214.97,11.72,60.75,72.08,182.47
13/10/2020,9.73,79.8,366.71,11207.91,13.63,87.92,99.75,172.14
14/10/2020,13.53,39.74,397.6,8842.28,6.16,87.78,85.17,68.68
15/10/2020,13.38,32.25,573.6,7717.68,11.08,78.87,68.71,195.27
16/10/2020,14.48,48.19,491.42,3331.27,13.29,82.37,58.29,180.81
17/10/2020,14.83,62.06,382.01,14255.2,5.9,85.88,99.57,49.53
18/10/2020,13.9,40.11,743.08,13758.84,11.05,60.62,54.54,107.05
19/10/2020,9.8,45.23,887.38,6188.91,8.73,75.31,59.81,68.74
20/10/2020,10.16,85.32,858.38,11941.14,8.69,76.66,61.98,183.93
21/10/2020,12.85,82.05,323.81,12915.28,12.61,77.07,65.69,79.34
22/10/2020,15.36,47.88,764.26,9164.78,9.42,84.69,47.82,133.26
23/10/2020,14.08,88.2,113,3872.01,13.7,77.46,63.05,114.95
24/10/2020,12.36,32.06,733.28,14335.66,14.32,68.01,73.78,126.43
25/10/2020,14.92,63.34,166.68,4721.1,14.03,79.69,93.06,48.12
26/10/2020,13.14,41.53,628.26,10805.98,12.39,65.93,90.78,51.91
27/10/2020,12.68,48.78,445.72,8438.18,12.04,68.09,91.7,183.88
28/10/2020,14.71,70.23,575.94,13549.29,8.82,88.41,82.79,170.11
29/10/2020,11.15,51.72,295.21,11105.02,5.57,69.03,72.55,144.88
30/10/2020,15.55,82.28,365.91,10825.87,8.3,61.05,44.64,71.72
31/10/2020,12.13,56.42,665.51,10395.46,14.54,83.72,56.75,132.34
1/11/2020,18.01,58.51,652.63,2939.11,13.27,86.63,83.81,83.21
2/11/2020,16.93,55.91,723.71,7099.26,9.57,67.82,43.48,88.86
3/11/2020,15.45,89.9,707,2090.65,9.02,75.97,77.71,57.49
4/11/2020,17.12,52.94,357.55,11288.06,5.91,84.06,63.14,51.56
5/11/2020,17.18,44.18,129.58,6457.98,14.59,87.22,92.4,176.56
6/11/2020,17.48,64.04,256.72,7887.7,9.23,71.95,45.46,112.92
7/11/2020,17.92,61.41,191.32,9675.67,12.03,83.44,40.23,34.64
8/11/2020,18.34,63.61,716.91,5236.12,6.53,60.02,57.5,152.62
9/11/2020,17.48,40.99,655.28,8539.2,5.41,70.51,79.71,123.32
10/11/2020,17.07,40.5,645.65,10682.46,8.22,84.3,83.04,114.6
11/11/2020,15.88,66.99,122.72,4941.75,6.64,79.31,67.93,56.67
12/11/2020,15.07,32.7,178.92,9488.64,13.69,71.43,56.83,66.99
13/11/2020,15.03,79.32,182.45,8834.1,5.8,82.78,95.91,50.42
14/11/2020,15.31,78.06,304.16,10265.72,7.35,72.76,56.04,66.37
15/11/2020,15.71,31.67,423.21,10549.12,7.12,61.17,55.71,57.39
16/11/2020,18.01,31.9,238.03,9511.86,6.48,84.54,87.78,43.49
17/11/2020,15.49,78.58,714.97,2494.59,14.71,73.64,63.58,50.66
18/11/2020,16.63,74.54,194.32,1539.76,5.71,82.31,96.1,179.5
19/11/2020,17.72,39.13,398.84,3733.56,6.78,66.12,76.33,90.59
20/11/2020,16.83,64.74,559.52,3603.43,14.48,77.55,99.32,98.82
21/11/2020,17.14,52.04,230.39,3738.37,5.38,84.23,67.22,36.1
22/11/2020,15.36,34.14,704.31,8364.22,14.76,67.16,81.68,140.73
23/11/2020,16.9,72.74,126.55,9895.34,5.87,74.04,89.9,196.1
24/11/2020,16.98,67.72,270.64,7429.25,12.71,73.08,41.92,73.53
25/11/2020,15.54,40.28,255.91,10087.22,13.19,60.09,68.26,59.99
26/11/2020,17.51,77.46,78.3,4434.1,12.67,61.21,90.65,121.4
27/11/2020,16.53,67.5,719.09,7613.61,11.28,65.99,95.28,182.69
28/11/2020,17.89,44.33,543.77,11422.89,5.38,76.47,64.25,43.47
29/11/2020,15.45,65.08,731.15,6057.12,13.26,83.45,89.64,154.08
30/11/2020,17.44,65.36,338.48,10034.03,7.14,83.58,66.82,54.74
1/12/2020,22.49,45.94,59.29,1302.27,9.4,75.92,91.87,32.17
2/12/2020,22.49,48.13,447.55,1179.67,5.13,62.46,53.85,100.14
3/12/2020,22.49,50.87,273.31,5744.71,13.8,74.16,85.4,135.97
4/12/2020,22.49,56.43,224.02,1482.56,11.27,88.92,82.35,158.57
5/12/2020,22.49,49.3,297.37,4308.12,8.13,86.12,81.92,128.08
6/12/2020,22.49,34.95,469.31,6726.67,12.36,69.59,71.62,128.69
7/12/2020,22.49,51.02,467.2,7093.71,14.32,65.56,52.2,37.26
8/12/2020,22.49,86.31,384.82,7753.53,6.85,86.09,87.63,113.03
9/12/2020,22.49,75.9,333.22,2518.94,8.2,76.22,77.02,174.72
10/12/2020,22.49,45.74,464.54,1923.15,8.58,74.54,85.01,178.58
11/12/2020,22.49,63.61,372.72,2338.84,7.22,72.2,73.48,131.77
12/12/2020,22.49,43.24,113.22,1234.72,11.26,72.77,61.85,81.05
13/12/2020,22.49,62.15,59.42,3627.5,10.49,69.13,93.62,199.31
14/12/2020,22.49,54.1,378.52,6482.46,9.52,83.94,67.65,175.58
15/12/2020,22.49,82.32,135.07,1278.58,9.29,73.44,56.83,125.16
16/12/2020,22.49,44.12,144.96,5097.43,8.89,89.45,69.68,146.74
17/12/2020,22.49,52.52,174.35,6731,14.4,87.67,72.48,104.02
18/12/2020,22.49,53.74,83.71,7981.74,10.46,80.8,41.19,90.35
19/12/2020,22.49,72.14,424.77,7168.81,8.32,87.86,57.8,119.29
20/12/2020,22.49,54.02,130.4,2885.81,7.07,82.94,61.34,78.71
21/12/2020,22.49,72.05,382.84,5072.47,13.86,72.88,87.24,145.76
22/12/2020,22.49,89.65,161.6,3973.89,8.74,84.13,88.6,168.09
23/12/2020,22.49,49.27,439.68,5772.57,7.76,79.93,51.63,36.63
24/12/2020,22.49,60.58,226.2,4812.26,5.8,72.9,95.32,183.04
25/12/2020,22.49,45.02,433.4,1283.51,7.63,84.02,41.55,166.63
26/12/2020,22.49,70.71,455.14,6118.55,7.19,63.79,52.77,197.54
27/12/2020,22.49,60.34,292.03,3938.15,6.45,83.46,54.64,116.81
28/12/2020,22.49,65.61,134.77,5465,7.97,61.33,65.12,180.01
29/12/2020,22.49,47.68,63.81,4410.38,9.19,78.73,81.89,36.2
30/12/2020,22.49,32.35,317.81,5056.3,8.6,63.19,92.16,102.89
31/12/2020,22.49,51.25,361.03,3026.14,14.42,73.32,95.46,35.49
1/1/2021,27,34.34,513.6,2400.47,15.03,66.68,72.41,170.62
2/1/2021,28.03,66.3,532.07,7729.16,8.46,73.31,91.75,187.28
3/1/2021,28.1,64.57,521.88,8879.42,16.73,68.44,82.14,59.51
4/1/2021,28.98,73.32,371.03,11843.81,17.03,76.4,45.86,170.72
5/1/2021,26.9,44.4,622.25,2084.17,16.66,88.71,59.99,127.21
6/1/2021,27.5,32.72,371.26,11711.55,17.66,68.97,77.16,183.9
7/1/2021,27.25,84.46,391.72,11420.04,15.42,75.49,63.88,64.07
8/1/2021,27.02,78.69,159.31,10049.12,12.73,72.11,70.31,192.16
9/1/2021,29.9,40.01,357.8,10519.81,13.69,89.8,88.15,111.73
10/1/2021,28.45,88.62,509.08,10396.12,14.25,64.5,66.53,199.33
11/1/2021,27.66,82.75,567.1,2404.01,9.93,67.89,80.68,87.37
12/1/2021,28.46,43.28,395.91,7126.34,17.65,86.63,86.62,118.13
13/1/2021,27.9,41.1,348.31,8918.03,15.59,65.2,62.3,87.61
14/1/2021,27.54,72.5,348.53,5238.31,13.63,76.49,43.19,36.46
15/1/2021,27.64,73.67,553.74,6991.24,9.2,89.84,86.24,169.76
16/1/2021,27.51,54.72,430.21,5248.94,13.98,75.22,57.88,101.87
17/1/2021,27.57,40.9,692.54,6182.17,8.59,75.12,53.93,123.19
18/1/2021,27.27,82.17,312.75,9002.16,9.97,78.59,48.53,66.05
19/1/2021,28.83,57.46,738.14,8479.59,15.53,86.52,51.56,63.98
20/1/2021,26.65,57.41,738.02,8950.43,11.47,84.76,80.51,129.53
21/1/2021,28.57,84.67,273.98,4153.4,13.75,80.58,72.04,166.85
22/1/2021,26.5,73.34,170.09,1692.75,8.27,86.03,94.3,102.47
23/1/2021,28.45,55.88,519.71,7381.63,10.64,75.99,56.45,110.16
24/1/2021,26.83,83.52,307.42,8384.97,9.44,71.96,99.51,71.76
25/1/2021,26.5,84.56,435.5,5925.78,12.58,88.26,45.33,131.6
26/1/2021,27.77,76.11,641.41,5529.68,13.1,73.25,82.23,64.57
27/1/2021,28.05,77.67,172.17,7081.63,13.45,68.99,64.08,48.25
28/1/2021,29.68,70.31,743.91,2872.72,12.2,71.85,71.54,82
29/1/2021,28.12,68.03,585.85,3074.38,7.8,84.88,69.63,121.62
30/1/2021,26.97,30.22,135.17,7055.66,16.01,72.99,67.42,119.21
31/1/2021,29.09,57.24,389.12,2588.71,10.92,89.94,84.98,159.09
1/2/2021,31.89,56.17,400.87,10407.64,14.07,70.81,58.65,168.65
2/2/2021,30.27,38.29,628.97,14901.11,8.73,85.21,84.21,181.15
3/2/2021,30.57,68.03,112.84,8256.61,14.05,85.65,98.71,176.27
4/2/2021,31.94,56.85,100.92,3672.32,11.45,75.86,56.95,52.99
5/2/2021,33.5,34.68,929.85,8396.51,16.3,88.11,57.44,46.02
6/2/2021,31.01,58.97,631.48,5835.92,18.09,70.57,86.61,111.98
7/2/2021,35.33,46.82,572.4,9605.63,11.13,84.14,98.19,179.71
8/2/2021,29.79,35.82,327.75,3816.42,12.17,70.38,41.62,119.02
9/2/2021,32.3,69.24,326.1,14609.56,17.13,66.22,55.03,187.58
10/2/2021,35.34,53.19,449.48,4586.04,14.99,86.56,98.15,175.94
11/2/2021,30.21,82.95,418.57,2630.31,9.84,81.4,41.28,183.38
12/2/2021,32.16,30.69,690,7573.58,12.63,63.43,52.21,193.68
13/2/2021,34.75,77.16,623.29,14343.85,7.64,62.53,76.9,66.14
14/2/2021,33.98,81.35,347.89,7480.3,15.39,62.97,92.64,128.66
15/2/2021,34.77,49.72,539.44,13240.73,10.35,78.8,55.07,141.56
16/2/2021,32.73,52.52,556.01,7402.32,12.3,60.45,46.97,149.72
17/2/2021,31.41,65.3,532.71,3699.78,14.08,86.42,88.16,110.35
18/2/2021,34.93,88.89,846.6,3045.81,16.7,76.35,71.04,83.83
19/2/2021,33.92,47.87,628.21,8369.12,9.14,62.14,77.1,87.36
20/2/2021,32.07,51.23,825.3,13264.12,17.09,74.87,92.25,181.19
21/2/2021,35.21,72.32,780.03,13841.22,17.35,64.42,88.38,140.84
22/2/2021,34.82,38.09,497.17,10626.34,14.33,62.84,41.79,128.77
23/2/2021,33.48,84.1,772.45,13807.99,10.3,77.37,60.4,169.45
24/2/2021,33.75,89.68,124.78,7038.33,11.8,83.01,73.59,111.81
25/2/2021,35.08,46.35,611.14,14195.6,12.08,76.64,54.14,142.1
26/2/2021,30.95,67.94,232.41,6988.44,15.18,88.07,73.24,176.26
27/2/2021,30.24,42.81,572.15,3476.33,9.04,64.14,90.62,41.11
28/2/2021,29.8,34.68,94.8,7043.07,17.75,73.81,81.47,178.81
1/3/2021,32.99,87.46,274.52,11606.6,12.56,75.4,48.75,155.61
2/3/2021,36.04,34.18,976.94,8545.78,9.06,64.92,65.2,195.62
3/3/2021,35.46,81.8,172.55,15276.45,12.05,60.52,69.56,181.74
4/3/2021,32.58,56.45,330.9,12376.27,9.65,66.86,43.89,76.13
5/3/2021,36.32,81.74,793.79,6488.89,16.44,80.51,73.34,67.78
6/3/2021,34.71,76.43,597.29,4935.83,7.9,79.21,71.75,93.42
7/3/2021,31.82,33.2,306.69,13383.47,12.83,88.76,61.76,163.93
8/3/2021,31.33,81.17,804.57,15220.85,12.67,80.2,41.22,74.15
9/3/2021,32.71,67.27,865.16,15407.95,9.07,78.36,57.89,138.95
10/3/2021,32.29,53.5,535.17,13091.81,10.53,76.85,77.43,180.41
11/3/2021,32.09,33.42,228.86,8400.08,13.19,73.2,65.81,106.09
12/3/2021,33.65,44.95,834.01,5589.06,14.37,81.96,98.13,69.18
13/3/2021,32.42,43.8,831.3,15364.22,12.65,81.21,88.46,186.85
14/3/2021,35.69,37.09,355.34,10109.91,15.82,61.85,46.15,109.52
15/3/2021,35.42,51.77,670.3,9690.46,9.71,88.12,74.34,41.68
16/3/2021,32.39,37.76,934.18,5006.91,15.18,81.12,94.03,50.25
17/3/2021,35.48,36.62,236.99,5994.9,9.24,86.93,68.57,113.87
18/3/2021,31.38,35.87,280.99,3824.62,8.67,64.28,93.76,102.71
19/3/2021,35.8,60.04,953.4,5219.77,16.76,76.02,58.86,105.5
20/3/2021,34.59,59.03,829.01,8181.49,18,89.98,96.92,133.65
21/3/2021,33.03,85.12,666.71,2323.64,18.13,63.65,52.82,193.28
22/3/2021,32.87,51.58,325.79,7736.42,10.72,85.43,63.32,132.76
23/3/2021,31.22,85.03,972.54,11440.98,15.69,75.7,45.09,190.53
24/3/2021,32.88,53.21,707.69,2409.32,9.22,76.42,44.04,32.2
25/3/2021,34.52,78.83,988.99,4628.03,11.17,68.05,71.67,52.77
26/3/2021,33.43,46.78,711.74,8919.36,14.31,62.9,99.12,130.39
27/3/2021,32.67,33.42,113.68,15594,15.83,85.59,50.14,158.34
28/3/2021,31.51,47.9,992.55,11456.51,8.8,68.82,49.47,189.76
29/3/2021,35.28,78.12,942.03,2509.83,16.2,61.35,60.77,43.09
30/3/2021,31.82,56.96,279.53,8062.58,12.89,65.23,67.36,70.52
31/3/2021,30.98,57.8,114.91,8897.1,12.46,60.78,88.24,137.51
1/4/2021,29.62,70.31,497.28,10198.03,9.05,75.94,71.94,154.98
2/4/2021,29.69,81.15,381.75,6206.54,16.06,81.56,85.33,190.45
3/4/2021,32.18,79.87,597.18,5013.93,15,76.86,64.29,45.54
4/4/2021,33.16,61.7,906.67,2698.52,12.93,76.64,72.29,67.93
5/4/2021,32.35,74.58,844.09,8185.52,9.5,66.33,56.36,50.71
6/4/2021,34.69,84.96,531.75,2105.73,8.53,66.72,71.94,122.32
7/4/2021,33.36,61.93,923.28,3276.75,9.61,89.49,61.69,105.9
8/4/2021,34.38,83.16,289.64,11309.69,11.86,68.31,76,158.73
9/4/2021,34.27,88.77,158.84,12110.2,11.83,70.59,64.22,96
10/4/2021,32.53,43.49,349.27,8094.86,8.4,71.57,82.36,134.51
11/4/2021,32.38,60.51,362.28,14762.47,17.84,74.88,53.62,33.93
12/4/2021,33.9,33.17,523.7,10722.17,10.65,61.86,72.55,32.5
13/4/2021,31.42,62.7,866.88,13595.78,17.51,61.99,54.31,56.13
14/4/2021,30.25,70.53,482.3,9461.69,8.93,83.84,67.43,85.88
15/4/2021,33.35,30.99,762.41,6229.09,7.85,75.19,86.52,109.05
16/4/2021,30.23,36.33,887,11866.35,9.83,82.94,79.46,88.29
17/4/2021,33.2,30.64,673.27,5854.46,10.43,86.14,91.99,193.27
18/4/2021,32.33,77.07,197.08,8077.25,12.74,85.56,73.65,173.05
19/4/2021,29.89,57.59,315.73,8995.03,15.65,87.37,60.14,88.5
20/4/2021,31.59,37.64,580.34,4445.88,17.43,64.39,56.98,181.59
21/4/2021,34.81,79.22,886.47,6041.21,14.03,63.32,97.94,95.41
22/4/2021,31.69,81.45,465.84,10732.23,8.57,77.65,86.04,150.08
23/4/2021,32.09,35.34,418.48,3110.31,10.1,60.63,84.9,105.1
24/4/2021,33.57,65.97,262.33,2773.55,10.54,85.71,96.27,190.54
25/4/2021,30.6,54.91,438.91,4638.35,9.02,74.04,99.22,160.22
26/4/2021,33.95,39.31,796.28,9671.07,10.39,82.07,99.44,168.26
27/4/2021,32.77,74.78,664.94,6686.63,14.32,70.74,76.97,33.77
28/4/2021,32.42,82.82,882.63,2763.73,12.91,60.67,52.94,175.39
29/4/2021,33.66,43.78,479.08,10064.01,11.87,81.34,87,118.34
30/4/2021,31.04,63.46,95.57,12856.72,14.39,62.53,61.18,73.4
1/5/2021,26.87,37.35,505.16,9009.67,13.75,84.37,63.06,106.43
2/5/2021,26.51,67.03,354.19,2153,8.55,64.27,68.81,171.02
3/5/2021,28.92,45.47,131.2,4756.49,16.7,71.3,41.06,105.39
4/5/2021,26.75,61.43,625.55,10761.27,14.54,80,91.67,132.96
5/5/2021,29.82,31.2,394.04,2197.19,9.38,62.27,76.96,74.63
6/5/2021,27.07,53.12,277.1,11935.66,16.35,76.86,57.65,73.5
7/5/2021,27.9,44.03,408.74,5132.88,8.48,88.65,56.46,174.81
8/5/2021,28.41,47.81,476.45,1641.74,15.93,82.27,71.31,69.08
9/5/2021,29.73,59.35,466.36,9905.98,9.22,61.32,79.93,47.97
10/5/2021,28.42,33.2,648.16,2140.89,15.17,63.76,71.37,191.61
11/5/2021,27.12,88.33,749.29,6393.93,11.27,62.3,97.53,129.25
12/5/2021,29.55,63.86,159.08,10863.77,12.86,65.16,79.89,101.22
13/5/2021,27.9,70.73,488.22,9033.38,13.76,74.02,89.7,118.19
14/5/2021,27.04,76.89,83.69,2241.9,16.87,80.2,67.86,106.02
15/5/2021,26.73,44.75,624.26,8016.84,14.02,68.09,67.66,194.71
16/5/2021,29.32,57.49,657.73,8040.55,8.96,60.47,51.83,199.27
17/5/2021,29.68,77.75,85.13,6424.28,10.56,78.79,53.26,126.54
18/5/2021,27.09,35.79,319.87,10377.18,10.6,71.83,90.23,71.69
19/5/2021,27.87,82.41,646.51,6193.28,8.13,66.45,82.12,81.63
20/5/2021,27.89,56.45,723.92,10660.25,14.28,68.61,82.32,183.27
21/5/2021,27.86,56.07,206.85,8575.04,16.92,85.12,44.19,58.05
22/5/2021,27.55,63.71,225.27,7310.41,12.58,86.08,78.33,182.17
23/5/2021,29.52,59.98,609.42,7328.1,16.18,77.93,98.98,53.88
24/5/2021,29.78,33.16,394.39,9166.02,11.05,61.87,91.6,67
25/5/2021,26.5,68.09,126.19,6672.44,17.44,77.21,61.37,72.15
26/5/2021,29.71,49.11,256.77,11915.59,12.28,73.6,83.66,63.84
27/5/2021,26.57,35.52,236.23,9372.89,14.24,69.02,68.21,74.04
28/5/2021,28.29,53.48,245.96,9579.54,15.36,89.81,99.36,144.13
29/5/2021,27.56,63.85,162.82,8883.79,7.58,65.79,73.58,33.88
30/5/2021,29.92,70.47,402.06,8442.52,13.07,69.6,63.16,86.83
31/5/2021,29.61,86.68,368.54,2133,8.77,70.11,92.23,184.24
1/6/2021,22.49,86.47,168.22,4713.68,14.59,76.75,99.2,152.92
2/6/2021,22.49,40.27,426.26,6376.96,14.86,67.62,64.57,46.6
3/6/2021,22.49,63.02,66.5,7617.27,10.61,69.96,62.43,57.91
4/6/2021,22.49,43.84,438.37,3825.89,14.65,73.65,73.8,50.93
5/6/2021,22.49,40.59,216.65,7181.87,7.84,67.28,44.41,51.63
6/6/2021,22.49,81.38,193.01,4042.02,17.75,81.08,95.51,39.84
7/6/2021,22.49,87.09,199.44,5980.83,11.08,89.2,80.6,67.72
8/6/2021,22.49,44.3,227.56,7659.1,13.86,77.93,43.75,69.16
9/6/2021,22.49,35.11,196.57,6220.57,14.35,89.25,65.37,197.23
10/6/2021,22.49,87.61,308,6926.48,11.89,83.89,47.01,191.65
11/6/2021,22.49,33.19,137.28,3363.3,10.37,82.19,46.33,66.57
12/6/2021,22.49,67.2,109.31,7438.18,12.33,76.82,60.38,31.62
13/6/2021,22.49,44.26,117.46,3990.93,17.3,69.63,79.21,35.47
14/6/2021,22.49,35.46,276.59,5830.4,8.29,89.06,61.78,184.8
15/6/2021,22.49,40.13,141.81,2630.12,9.14,66.48,70.9,176.32
16/6/2021,22.49,64.41,474.3,6853.56,13.01,76.03,48.43,163.86
17/6/2021,22.49,34.34,432.76,6709.13,9.51,67.69,84.31,184.56
18/6/2021,22.49,57.96,376.57,1253.03,12.26,84.91,75.41,168.51
19/6/2021,22.49,47.53,486.89,7441.85,12.02,79.05,97.07,133.17
20/6/2021,22.49,39.21,253.55,3562.92,15.1,73.18,44.58,193.88
21/6/2021,22.49,83.67,332.34,3806.77,12.27,62.2,56.75,141.16
22/6/2021,22.49,54.04,185.53,4743.92,18.57,82.17,77.4,146.13
23/6/2021,22.49,67.29,486.57,6305.46,12.99,68.48,43.01,161.41
24/6/2021,22.49,78.85,438.25,2977.64,9.99,70.8,98.99,71.89
25/6/2021,22.49,37.64,271.96,1187.93,15.43,69.02,97.75,134.13
26/6/2021,22.49,73.7,348.17,4730.07,9.3,88.75,75.16,199.55
27/6/2021,22.49,31.93,455.58,2920.54,15.67,65.31,43.43,136.75
28/6/2021,22.49,64.65,129.19,4220.4,12.41,60.14,57.2,44.74
29/6/2021,22.49,50.88,420.12,7565.15,12.84,68.5,83.89,33.39
30/6/2021,22.49,83.82,152.75,1301.36,8.81,74.21,88.37,74.42
1/7/2021,18.01,37.31,136.91,7560.91,15.39,70.09,90.44,163.73
2/7/2021,16.7,72.58,445.56,7203.07,15.61,70.49,42.71,58.84
3/7/2021,15.12,57.13,133.77,10852.74,12.17,66.07,89.78,31.87
4/7/2021,17.23,60.94,498.03,8510.64,10.49,83.54,65.82,70.89
5/7/2021,16.22,36.14,591.14,5666.75,16.95,71.83,46.95,133.07
6/7/2021,15.83,88.61,581.74,1972.91,8.11,60.1,71.09,38.55
7/7/2021,16.57,62.11,93.16,3833.59,12.2,79.41,72.34,113.13
8/7/2021,15.91,38.95,240.54,3297.42,17.31,89.28,61.25,109.15
9/7/2021,16.52,35.42,744.09,6955.81,8.69,74.23,89.4,157.03
10/7/2021,16.77,45.02,701.51,7039.14,17.32,60.19,71.18,102.81
11/7/2021,16.32,78.21,518.62,3388.79,14.18,85.75,89.95,81.1
12/7/2021,16.43,43.27,326.39,4635.69,15.62,65.88,45.25,175.03
13/7/2021,17.79,40.88,232.95,4626.3,9.61,88.33,94.6,98.14
14/7/2021,15.01,71.62,454.36,10399.78,11.13,61.17,61.03,89.15
15/7/2021,16.21,70.81,725.82,9869.11,11.91,67.49,98.29,125.66
16/7/2021,17.45,44.79,664.34,9238.97,8.35,62.56,83.88,53.15
17/7/2021,15.75,74.93,688.64,7683.82,14.14,60.3,66.16,143.06
18/7/2021,18.16,77.75,537.78,4793.34,15.33,62.05,91.37,62.85
19/7/2021,15.35,88.09,291.62,9351.54,17.49,89.38,44.33,63.93
20/7/2021,16.6,31.53,698.32,8246.88,15.91,67.36,88.21,127.7
21/7/2021,17.9,44.96,150.17,4628.68,13.12,84.91,57.93,102.48
22/7/2021,15.03,71.03,725.16,3725.52,11.92,82.2,73.26,115.54
23/7/2021,17.22,55.16,92.57,11172.46,10.3,62.15,59.69,85.81
24/7/2021,17.32,87.63,83.37,8157.48,13.08,60.73,49.76,171.95
25/7/2021,15.87,33.99,556.78,11993.36,13.65,74.73,67.78,88.57
26/7/2021,17.32,57.87,625.8,8340.03,10.89,86.37,64.87,139.4
27/7/2021,15.57,32.33,134.03,7121.27,12.16,60.07,99.05,199.7
28/7/2021,16.07,68.58,252.13,8516.13,12.44,88.79,88.68,130.21
29/7/2021,15.84,33.31,151.7,3576.1,14.98,73.21,65.67,196.38
30/7/2021,15.73,51.3,474.12,10222.54,13.51,81.34,96,67.27
31/7/2021,15.86,34.59,612.63,8856.97,17.23,77.25,74.44,48.79
1/8/2021,12.3,34.99,283.24,3731.64,17.71,77.03,74.97,151.42
2/8/2021,9.72,81.67,614.09,9165.68,14.24,72.28,62.08,83.18
3/8/2021,10.9,52.86,226.17,11583.23,9.57,64.06,85.33,63.68
4/8/2021,9.57,81.52,281.49,6793.08,14.39,63.34,96.52,130.6
5/8/2021,14.47,34.09,837.24,8637.7,17.24,84.87,73.59,53.37
6/8/2021,15.26,81.48,186.5,10302.32,12.92,83.93,41.28,45.59
7/8/2021,11.92,46.58,663.04,4354.17,17.37,67.19,56.1,93.48
8/8/2021,10.83,47.55,481.61,11334.9,17.83,83.85,98.93,199.07
9/8/2021,11.24,54.19,470.46,7648.29,17.49,71.55,60.24,94.68
10/8/2021,14.23,89.34,583.24,11358.45,10.25,75.44,47.75,53.43
11/8/2021,13.1,37.87,539.24,9035.6,17.23,66.13,83.52,138.88
12/8/2021,12.86,44.4,413.67,13694.18,14.97,80.47,96.36,179.67
13/8/2021,12.4,65.18,611.13,12311.12,17.22,64.08,56.22,53.66
14/8/2021,10.49,34.23,306.5,8589.73,9.64,62.65,46.92,48.56
15/8/2021,15.05,68.97,883.53,11305.99,17.42,66.9,98.64,66
16/8/2021,10.55,30.91,645.32,11777.33,13.37,77.85,43.37,184.29
17/8/2021,13.36,60.97,499.37,11449.06,7.66,80.78,91.81,80.5
18/8/2021,14.71,82.96,501.79,14307.6,10.28,75.18,67.64,70
19/8/2021,10.8,82.64,567.76,14767.08,11.01,68.07,92.46,199.11
20/8/2021,10.13,44.8,444.43,3557.57,16.36,74.62,85.9,155.33
21/8/2021,11.79,43.73,501.78,12104.07,13.08,70.18,53.01,53.38
22/8/2021,14.56,49.06,649.07,6005.09,17.27,83.97,88.69,62.62
23/8/2021,15.4,77,448.44,10173.9,13.3,61.19,98.92,54.44
24/8/2021,9.73,34.59,371.7,5392.68,16.55,65.55,46.69,86.35
25/8/2021,15.01,79.55,596,14617.81,12.38,80.18,51.89,130.74
26/8/2021,11.93,78.36,356.84,10160.95,7.57,64.84,67.81,122.75
27/8/2021,15.36,84.28,144.57,5028.29,15.71,84.01,77.11,78.51
28/8/2021,13.09,37.73,656.54,6291.38,14.06,84.52,43.82,149.38
29/8/2021,10.18,86.81,852.36,6748.27,12.45,64.12,81.32,111.78
30/8/2021,14.56,87.58,796.59,6051.09,16.64,63,81.52,32.25
31/8/2021,11.1,44.47,315.34,10829.38,13.45,86.82,83.72,198.47
1/9/2021,12.48,51.95,205.64,13075.04,15.04,73.5,42.55,79.97
2/9/2021,12.17,76.14,654.8,12335.15,13.87,60.84,43.25,62.84
3/9/2021,11.72,44.94,437.07,2294.79,9.35,75.76,63.88,114.83
4/9/2021,10.32,47.67,585.82,11550.11,13.72,70.1,45.09,82.56
5/9/2021,7.71,59.8,553.01,6491.16,11.22,75.1,61.67,112.69
6/9/2021,14.2,47.65,250.01,4588.62,10.71,81.56,52.21,148.64
7/9/2021,10.08,72.52,208.91,5905.89,10.54,63.76,68.83,79.18
8/9/2021,13.5,61.82,760.93,3445.97,11,88.09,84.35,185.63
9/9/2021,14.26,47.42,775.29,14196.55,12.68,63.79,46.46,86.99
10/9/2021,9,35.94,679.16,3745.13,11.24,88.49,57.66,184.64
11/9/2021,11.84,42.11,543.99,14712.68,17.25,82.32,79.16,56.88
12/9/2021,12.4,72.23,809.11,11345.7,13.85,65.06,51.98,90.37
13/9/2021,13.97,87.19,492.56,6884.38,15.57,84.56,78.27,124.24
14/9/2021,13.3,55.67,689.93,7618.45,15.71,85.63,61.55,147.31
15/9/2021,8.81,52.72,434.05,3181.29,8.29,73.2,77.77,61.78
16/9/2021,9.34,50.25,447.13,10291.84,11.68,74.06,62.74,47.39
17/9/2021,10.45,51.92,308.06,6720.8,8.32,63,86.07,183.39
18/9/2021,7.77,39.3,689.59,10768.55,11.68,78.1,77.74,124.46
19/9/2021,12.06,58.81,903.1,9499.15,16.73,88.13,69.95,88.26
20/9/2021,7.79,86.48,321.2,11042.15,15.07,66.45,66.06,139.5
21/9/2021,9.97,78.57,585.04,6846.16,15.59,67.62,62.97,122.97
22/9/2021,7.92,58.72,462.31,10060.77,12.02,74.63,50.73,138.19
23/9/2021,9.52,63.46,770.1,2862.35,17.32,82.39,74.55,165.29
24/9/2021,13.77,84.54,720.62,4678.21,10.04,60.67,72.87,77.41
25/9/2021,13.57,69.04,673.68,9109.87,17.39,69.22,43.56,117.28
26/9/2021,9.58,70.7,535.93,9979.09,10.96,69.78,72.3,116.51
27/9/2021,12.67,50.77,207.03,13239.84,8.89,75.56,49.47,72.87
28/9/2021,13.61,85.43,967.53,8769.21,13.07,65.81,81.98,189.33
29/9/2021,11.81,64.48,624.39,8856.32,13.15,80.4,79.57,140.96
30/9/2021,12.43,75.23,247.3,6347,11.95,74.67,67.83,131.09
1/10/2021,12.16,77.76,264.49,10919.47,11.27,66.12,49.7,102.16
2/10/2021,10.91,38.94,370.4,13443.7,16.56,85.23,98.46,90.33
3/10/2021,11.16,49.23,190.1,1921.93,12.26,88.21,53.29,37.94
4/10/2021,14.7,58.9,806.38,7581.43,17.08,64.97,90.57,49.09
5/10/2021,15.48,35.71,517.89,3829.48,14.83,70.66,48.22,111.13
6/10/2021,12.9,60.97,532.03,3666.4,12.7,88.73,70.62,183.97
7/10/2021,11.98,72.67,832.2,11025.24,10.16,74.75,89.01,196.54
8/10/2021,12.84,78.99,485.8,8318.73,16.47,72.28,88.68,62.47
9/10/2021,11.38,65.81,238.79,10444.78,12.58,66.37,54.2,77.27
10/10/2021,13.82,76.05,274.53,6092.34,11.31,80.4,56.54,150.27
11/10/2021,12.98,45.18,167.76,6023.35,15.5,74.88,77.75,75.75
12/10/2021,14.48,57.56,541.88,3573.07,12.5,89.43,57.64,150.94
13/10/2021,10.9,70.52,513.13,14617.14,7.45,60.43,58.23,173.74
14/10/2021,13.66,41.97,179.02,12092.55,12.47,64.89,79.85,196.44
15/10/2021,12.64,80.69,642.94,12000.68,12.65,79.09,81.01,193.32
16/10/2021,12.56,33.06,413.02,7098.55,9.81,68.8,96.89,84.39
17/10/2021,14.33,30.51,627.48,3240.49,7.45,88.16,58.22,76.12
18/10/2021,12.45,31.13,384.81,14334.28,12.19,61.77,60.02,174.3
19/10/2021,15.55,70.76,813.61,10239.49,8.1,89.48,82.03,176.55
20/10/2021,10.27,31.4,106.96,12272.22,9.16,64.42,60.02,188.78
21/10/2021,12.37,82.44,426.94,5906.24,17.49,64.05,49.37,73.98
22/10/2021,15.53,64.59,100.61,10727.23,10.84,65.38,42.9,139.49
23/10/2021,14.9,47.66,901.49,14664.64,11.01,78.76,78.43,71.78
24/10/2021,12.9,84.63,797.31,5099.76,7.43,61.25,48.32,153.33
25/10/2021,15.52,65.82,807.63,1915.5,16.41,69.61,55.95,82.04
26/10/2021,14.94,62.4,776.23,9696.71,17.64,87.07,78.21,88.05
27/10/2021,13.29,49.23,865.21,13505.26,7.91,68.12,51.6,80.82
28/10/2021,10.2,47.53,781.54,14662.45,13.22,78.77,70.61,88.87
29/10/2021,14.31,68.25,515.43,2874.71,14.41,86.24,53.75,179.8
30/10/2021,14.88,72.88,142.85,8005.43,10.4,61.62,47.87,187.85
31/10/2021,9.79,78.99,703.22,7702.08,10.69,77.03,41.23,120.95
1/11/2021,18.1,75.5,727.44,10131.45,7.61,88.14,64.25,84.68
2/11/2021,16.86,82.78,264.89,5826.1,17.69,86.05,55.92,190.73
3/11/2021,15.98,88.01,199.9,7120.86,15.59,62.22,74.25,37.98
4/11/2021,17.02,45.95,182.03,6921.13,9.02,72.22,61.79,108.28
5/11/2021,18.33,66.77,116.55,3232.99,14.35,82.48,61.99,147.38
6/11/2021,16.09,61.37,715.68,7871.35,15.76,87,71.87,169.47
7/11/2021,17.12,69.5,395.75,10588.41,7.33,63.38,56.92,55.22
8/11/2021,16.3,50.51,654.48,2601.35,12.39,86.4,66.39,113.71
9/11/2021,15.72,52.83,582.85,5890.56,16.21,87.69,90.83,162.1
10/11/2021,17.38,46.37,122.05,5400.67,17.02,72.17,40.28,184.81
11/11/2021,16.41,45.28,570.21,4608.98,13.72,81.58,45.65,147.58
12/11/2021,15.02,34.4,383.75,8500.43,16.11,83.72,94.52,118.79
13/11/2021,18.47,76.45,607.61,7128.62,11.21,78.46,86.15,90.4
14/11/2021,15.05,75.34,207.99,8540.74,13.94,72.21,41.93,63.64
15/11/2021,18.15,38.78,400.37,2351.49,16.07,85.62,81.73,157.47
16/11/2021,16.48,82.19,622.77,1555.01,12.71,71.47,43.29,72.38
17/11/2021,16.79,61.06,512.34,9367.59,17.03,84.41,59.51,53.58
18/11/2021,16.12,79.56,466.71,2889.47,18.83,77.53,65.79,38.04
19/11/2021,15,31.43,667.55,5507.91,9.35,87.81,41.71,184.89
20/11/2021,18.1,76.37,505.14,11531.83,15.62,62.39,88.61,95.4
21/11/2021,15.62,76.1,499.33,8369.11,12.93,60.3,49.49,169.46
22/11/2021,18.13,50.15,75.11,9559.63,12.88,74.06,65.09,95.33
23/11/2021,17.15,84.12,275.26,1635.86,11.74,87.25,52.31,63.9
24/11/2021,16.13,78.6,177.84,11713.08,12.87,80.61,60.58,89.13
25/11/2021,15.92,48.93,534.54,7626.93,16.02,68.67,64.51,68.21
26/11/2021,16.75,47.64,401.46,9475.41,14.03,79.52,76.39,177.09
27/11/2021,17.06,60.23,110.27,9644.07,14.69,68.79,53.43,107.48
28/11/2021,18.22,37.25,82.97,10415.94,12.35,84.6,60.38,112.73
29/11/2021,17.22,65.26,139.84,5736.67,11.33,85.93,65.52,66.67
30/11/2021,17.27,51.52,196.9,10278.07,17,82.91,96.89,58.07
1/12/2021,22.49,87.24,162.37,6500.63,16.06,75.58,74.33,168.35
2/12/2021,22.49,80.08,105.6,5619.92,7.65,69.66,73.13,91
3/12/2021,22.49,53.29,444.15,1586.63,15.1,84.04,94.08,121.64
4/12/2021,22.49,35.92,331.89,7856.79,11.12,88.81,85.96,74.41
5/12/2021,22.49,46.98,118.56,5031.95,10.45,80.69,64.71,39.39
6/12/2021,22.49,86.06,96.48,7912.97,10.59,67.96,62.75,72.39
7/12/2021,22.49,46.29,135.13,5939.48,13.63,85.6,67.82,176.19
8/12/2021,22.49,43.97,424.27,3689.27,9.86,63.76,76.12,70.43
9/12/2021,22.49,34.79,333.89,7844.13,11.82,64.34,43.46,106.92
10/12/2021,22.49,83.37,473.17,4819.79,10.41,87.87,60.74,72.35
11/12/2021,22.49,76.33,204.78,6696.93,9.56,61.5,49.62,145.79
12/12/2021,22.49,42.79,220.91,1872.32,15.14,64.63,65.15,114.33
13/12/2021,22.49,75.8,433.73,3767.62,13.85,79.53,94.92,94.94
14/12/2021,22.49,60.34,131.71,7403.38,10.07,81.32,95.65,38.17
15/12/2021,22.49,70.62,116.94,3972.94,15.54,68.3,55.42,71.52
16/12/2021,22.49,57.57,249.11,3849.17,16.56,76.29,47.85,169.01
17/12/2021,22.49,71.39,98,5605.22,14.29,69.72,87.81,170.39
18/12/2021,22.49,57.16,356.74,1497.15,16.96,72.75,56.39,90.66
19/12/2021,22.49,58.48,259.35,2605.82,14.63,66.43,64.43,31.98
20/12/2021,22.49,70.47,144.85,2296.16,18.58,78.34,80.03,148.09
21/12/2021,22.49,63.9,444.36,2350.13,15.97,72.89,73.27,148.09
22/12/2021,22.49,87.96,244.43,3490.65,8.51,70.79,70.79,50.7
23/12/2021,22.49,49.71,489.23,6404.32,10.06,69.31,85.14,114.55
24/12/2021,22.49,32.14,384.12,7215.2,14.73,65.2,76.68,36.56
25/12/2021,22.49,88.6,249.35,5732.57,14.4,67.78,48.96,52.71
26/12/2021,22.49,80.98,127.23,5687.52,14.56,85.97,42.4,162.32
27/12/2021,22.49,78.64,120.57,6843.21,17.29,66.82,98.83,66.09
28/12/2021,22.49,81.15,99.65,2218.18,8.97,84.73,91.51,156.75
29/12/2021,22.49,47.91,403.56,4418.13,10,74.52,97.23,104.08
30/12/2021,22.49,84.16,332.24,4803.83,15.81,63.89,50.67,132.85
31/12/2021,22.49,67.77,433.37,1917.51,17.65,85.63,42.45,66.77
1/1/2022,29.19,79.83,275.32,7315.37,14.09,81.41,54.99,101.54
2/1/2022,29.97,85.16,316.09,5094.78,13.41,77.82,94.93,43.52
3/1/2022,28.72,40.93,682.67,3298.47,15.95,82.45,43.69,119.64
4/1/2022,28.07,54.05,576.65,11821.68,13.24,84,46.01,31.86
5/1/2022,29.47,76.71,287.29,11148.63,16.23,60.07,47.27,65.88
6/1/2022,28.09,45.88,86.47,2613.5,15.38,77.05,55.2,86.53
7/1/2022,29.71,38.49,561.3,8163.43,19.99,62.11,58.68,118.16
8/1/2022,28.1,41.76,509.67,5848.26,9.88,60.98,96.72,63.78
9/1/2022,29.01,34.86,522.13,9350.73,20.87,68.05,85.65,180.1
10/1/2022,29.89,88.95,459.09,8639.19,10.78,64.96,41.19,46.26
11/1/2022,29.37,45.25,486.14,7419,21.14,73.17,45.91,100.07
12/1/2022,27.46,49.23,598.03,8206.45,19.02,68.6,62.2,54.92
13/1/2022,27.57,35.41,601.8,7559.32,11.3,61.23,89.61,185.26
14/1/2022,27.94,44.32,410.12,4211.05,13.36,80.86,41.03,48.43
15/1/2022,27.92,30.49,536.65,1585.28,20.25,82.06,75.76,144.29
16/1/2022,28.25,85.83,128.3,9467.75,15.4,86.2,58.08,75.98
17/1/2022,28.5,60.57,330.2,3638.56,10.95,77.76,73.43,99.33
18/1/2022,27.6,83.21,155.07,8469.27,12.61,89.07,65.98,38.89
19/1/2022,29.93,76.93,720.77,6179.81,16.07,88.81,78.09,101.8
20/1/2022,29.64,53.12,740.08,4788.95,16.74,65.04,90.33,76.66
21/1/2022,27.43,56.64,720.65,2122.35,18.42,70.05,44.91,99.32
22/1/2022,29.45,30.37,206.57,8046.35,12.62,64.87,91.57,166.64
23/1/2022,29.35,58.86,112.48,4714.2,13.1,89.02,43.8,39.31
24/1/2022,29.16,42.14,118.85,8700.7,19.67,78.58,55.03,187.38
25/1/2022,28.11,30.06,336.31,5008.47,15.01,77.18,83.56,105.71
26/1/2022,28,67.15,181.25,9150.01,16.21,62.35,88.87,150.41
27/1/2022,29.09,45.51,325.32,6998.26,13.7,74.53,65.34,172.3
28/1/2022,28.78,76.27,707.94,5807.81,15.35,63.86,58.18,68.23
29/1/2022,28.92,48.36,567.96,2105.67,18.78,66.94,98.06,133.14
30/1/2022,29.84,69.05,345.54,3450.61,14.54,63.88,41.73,75.1
31/1/2022,29.5,87.83,160.08,6257.76,18.23,60.95,57.26,197.98
1/2/2022,30.74,40.76,178.26,3715.53,21.81,89.26,72.34,94.17
2/2/2022,29.84,54.99,455.29,11942.39,15.19,76.09,80.57,95.7
3/2/2022,34.82,47.11,394.14,6697.28,20.98,80.35,43.78,183.35
4/2/2022,30.39,42.64,548.79,14454.48,13.62,71.73,71.42,181.19
5/2/2022,30.33,82.42,142.54,4932.27,13.56,82.31,50.44,62.88
6/2/2022,31.14,54.81,785.46,2013.16,20.09,70.94,88.97,31.57
7/2/2022,30.08,59.95,853.6,7840.94,11.62,72.66,53.88,174.47
8/2/2022,32.07,30.24,906.67,3784.27,14.53,62.62,72.28,61.19
9/2/2022,30.79,51.4,311.62,7631.11,12.56,61.82,98.97,163.6
10/2/2022,31.08,43.21,771.73,3894.23,13.27,67.44,86.5,69.29
11/2/2022,34.14,83.78,172.31,9946.44,13.94,77.3,74.56,58.69
12/2/2022,30.73,30.07,891.93,11996.8,20.92,69.76,45.29,79.52
13/2/2022,35.14,31.49,96.35,3574.89,11.71,75.4,80.26,89.36
14/2/2022,30.63,45.77,412.26,10442.73,10.38,85.59,82.16,126.61
15/2/2022,33.26,34.22,208.49,4715.82,18.24,81.91,99.26,173.24
16/2/2022,34.02,82.82,906.82,7599.77,11.21,62.78,79.87,132.6
17/2/2022,35.47,44.96,487.41,4578.3,12.54,68.65,99.32,84.18
18/2/2022,32.38,86.56,328.88,6210.98,12.31,87.42,54.43,124.48
19/2/2022,32.04,46.5,763.7,3245.11,19.84,84.38,79.82,95.52
20/2/2022,33.07,49.56,180.36,4825.57,16.88,80.96,75.81,66.72
21/2/2022,34.14,57.78,188.14,5596.44,10.75,63.55,48.53,186.73
22/2/2022,30.45,61.53,540.94,11183.55,11.03,64.93,55.05,60.19
23/2/2022,33.13,61.64,183.32,4100.45,12.68,81.11,99.83,151.88
24/2/2022,34.62,39.87,306.07,2113.28,15.39,82.93,91.61,167.27
25/2/2022,32.38,48.63,276.91,1955.68,11.74,77.74,60.59,93.34
26/2/2022,33.85,73.71,307.41,7393.02,13.11,73.38,87.24,163.83
27/2/2022,29.63,76.09,838.71,12663.63,12.03,74.89,67.19,53.42
28/2/2022,31.45,45.31,645.49,13366.67,12.79,85.47,66.93,47.48
1/3/2022,35.11,75.99,737.65,14685.24,16.19,62.67,53.98,162.8
2/3/2022,34.32,34.43,331.56,4285.09,18.62,78.7,82.6,92.82
3/3/2022,32.49,66.92,394.68,12356.42,19.8,87.71,61.38,104.05
4/3/2022,34.13,89.83,945.91,13607.58,17.98,78,74.85,54.05
5/3/2022,35.64,79.7,556.97,15446.84,13.45,67.31,50.25,48.37
6/3/2022,33.56,40.74,922.44,7491.21,19.79,80.35,81.43,115.11
7/3/2022,32.42,57.49,524.92,9091.69,10.27,60.21,95.2,98.91
8/3/2022,37.08,42.9,321.19,7349.48,14.1,76.2,87.39,163.43
9/3/2022,33.01,79.85,902.85,5376.39,15.84,64,53.15,153.79
10/3/2022,34.43,63.57,174.39,11935.04,13.13,76.16,56.24,65.46
11/3/2022,36.91,88.23,874.45,2804.62,17.81,86.96,74.13,196.16
12/3/2022,31.39,71.09,571.7,5914.83,10.55,85.44,78.23,166.54
13/3/2022,34.21,77.18,707.65,2081.38,16.32,70.91,82.4,163.55
14/3/2022,34.98,83.38,345.28,11132,17.28,78.45,51.01,32.63
15/3/2022,33.99,33.02,471.55,7062.96,18.52,81.48,75.17,87.65
16/3/2022,35.51,30.75,787.25,10032.69,16.88,89.4,59.96,83.42
17/3/2022,31.61,43.94,847.59,2295.64,15.28,70.79,93.25,157.96
18/3/2022,32.88,84.87,441.18,13904.64,13.99,83.05,74.62,154.61
19/3/2022,34.25,45.01,177.65,9261.37,22.02,74.17,43.88,113.96
20/3/2022,34.41,42.07,586.06,12150.08,19.5,69.9,43.39,57.16
21/3/2022,33.25,33.81,692.77,6308.42,15.62,72.88,93.77,57.68
22/3/2022,32.07,40.02,956.37,10080.64,21.6,61.73,45.97,89.99
23/3/2022,36.65,44.31,656.46,14897.27,17.2,87.44,66.39,65.71
24/3/2022,35.58,34.52,540.14,12004.83,19.44,89.88,80.01,141.24
25/3/2022,30.81,47.78,946.58,15933.12,13.7,83.18,89.33,83.46
26/3/2022,34.8,87.48,691.75,14301.25,20.68,72.85,52.86,135.64
27/3/2022,32.87,68.99,555.41,13426.09,17.18,80.95,78.63,120.8
28/3/2022,32.76,88.8,769.87,11247.08,20.74,76.87,85.75,119.39
29/3/2022,32.82,56.14,842.9,2666.27,20.2,69.51,52.92,153.64
30/3/2022,32.87,72.28,130.16,4531.62,16.9,88.02,55.35,196.4
31/3/2022,34.57,88.54,700.59,8275.35,16.91,84.57,67.02,48.44
1/4/2022,32.8,34.21,917.05,2915.1,19.67,84.77,47.56,176.25
2/4/2022,30.16,57.13,438.47,4320.88,19.48,71.31,87.39,156.66
3/4/2022,29.84,33.26,322.92,2508.02,14.52,71.66,94.05,124.51
4/4/2022,31.58,47.6,782.07,6824.56,15.13,77.53,64.44,100.91
5/4/2022,31.86,79.07,161.01,14644.55,11.45,89.89,62.16,191.06
6/4/2022,29.9,87.39,883.91,10575.87,20.93,82.05,69.7,160.21
7/4/2022,30.39,32.83,678.82,11238.99,14.2,83.3,81.7,93.34
8/4/2022,32.04,61.72,232.94,8322.7,22.88,88.88,70.33,106.75
9/4/2022,33.07,87.94,724.15,13835.45,17.91,86.24,88.93,31.82
10/4/2022,32.2,80.61,579.51,10618.62,20.45,62.85,83.48,71.99
11/4/2022,31.41,48.59,159.47,4764.11,14.32,75.91,83.3,47.05
12/4/2022,32.12,38.51,254.74,3110.94,13.43,61.79,41.74,147.81
13/4/2022,33.86,48.19,766.11,5626.98,15.02,70.67,78.42,35.45
14/4/2022,32.8,45.84,414.79,3589.54,16.44,79.59,66.85,108.53
15/4/2022,31,82.71,281.07,12664.88,12.88,67.21,93,132.68
16/4/2022,30.58,47.51,695.29,3080.73,19.58,76.83,57.08,195.26
17/4/2022,33.45,34.31,667.34,11595.03,13.09,69.53,44.23,128.97
18/4/2022,34.88,73.37,236.38,5482.56,16.13,61.02,64.14,84.89
19/4/2022,29.44,60.44,710.88,8671.46,19.26,63.39,91.05,151.69
20/4/2022,33.69,70.68,344.19,3620.71,15.05,73.76,64.35,128.87
21/4/2022,33.97,42.39,482.63,8815.68,12.35,74.78,52.48,191.05
22/4/2022,32.31,73.33,534.33,7526.16,16.63,75.1,87.34,192.82
23/4/2022,34.76,39.76,434.2,8516.7,15.81,66.71,83.71,126.33
24/4/2022,29.72,48.8,486.42,7476.84,11.36,68.25,64.96,156.58
25/4/2022,31.84,50.52,726.65,4111.81,14.95,89.69,97.04,59.9
26/4/2022,35.24,42.68,542.08,3989.65,18.26,88.57,75.76,139.71
27/4/2022,34.33,46.04,732.19,14338.3,18.11,80.26,74.2,101.78
28/4/2022,31.83,70.42,590.53,4053.36,17.31,85.36,52,163.02
29/4/2022,31.16,35.16,336.59,5807.49,11.96,79.99,60.12,94.98
30/4/2022,29.6,54.12,182.77,14016.98,21.29,64.78,90.12,38.81
1/5/2022,29.85,44.04,524.37,9011.84,17.84,69.27,78.61,73.23
2/5/2022,28.55,60.97,637.76,6125.23,12.2,81.4,65.94,73.7
3/5/2022,27.61,79.88,122.23,4908.8,13.46,89.98,56.12,146.17
4/5/2022,29,79.81,147.23,8399.17,15.58,60.6,49.17,68.02
5/5/2022,29.83,40.88,729.34,7166.48,13.09,60.13,49.9,145.42
6/5/2022,26.81,42.44,731.27,2517.67,21.54,79.84,89.67,123
7/5/2022,28.34,40.35,465.66,8237.12,19.82,77.98,47.96,134.12
8/5/2022,27.83,44.71,397.67,10054.19,10.98,69.89,46.22,189.78
9/5/2022,27.48,82.68,720.15,11984.85,16.9,85.26,70.48,196.8
10/5/2022,29.56,71.55,601.76,5716.25,19.82,67.31,86.68,119.75
11/5/2022,28.94,67.57,721.09,11371.47,17.02,65.54,54.38,48.35
12/5/2022,29.76,46.25,311.53,3130.23,14.6,73.39,50.57,130.76
13/5/2022,28.97,42.5,553.15,5545.35,20.81,80.7,81.37,189.53
14/5/2022,28.2,83.15,628.65,3505.67,15.77,84.87,52.76,133.66
15/5/2022,29.62,71.75,193.21,2989.87,19.9,87.77,50.3,171.93
16/5/2022,27.21,80.78,349.75,8114.38,12.52,82.77,73.74,103.64
17/5/2022,28.54,63.04,483.94,9025.26,13.86,69.2,49.56,61.65
18/5/2022,27.2,77.8,247.6,4441.54,18.06,64.5,57.11,44.14
19/5/2022,29.56,50.75,223.74,2450.3,17.72,85.03,51.45,48.15
20/5/2022,29.47,67.13,632.52,9236.94,11.34,60.43,72.57,81.78
21/5/2022,29.43,89.33,193.71,6867.91,20.43,76.92,75.65,84.5
22/5/2022,28.46,76.46,87.25,5523.09,15.8,86.06,56.64,59.94
23/5/2022,27.43,84.21,285.69,10344.8,16.49,76.92,44.87,135.55
24/5/2022,28.04,80.85,565.93,9381.31,17.75,79.66,61.34,60.91
25/5/2022,29.32,46.49,727.89,5781.61,15.84,65.29,51.45,188.21
26/5/2022,29.79,65.83,737.5,1603.24,20.93,61.17,84.38,94.86
27/5/2022,28.75,58.44,670.85,1633.89,12.31,72.27,44.5,159.99
28/5/2022,29.22,86.23,202.95,2934.23,17.41,68.21,70.01,199.95
29/5/2022,27.78,66.04,303.43,11989.44,12.97,73.81,80.8,121.49
30/5/2022,29.94,66.92,301.02,3068.88,18.86,88.4,41.65,152.05
31/5/2022,28.22,54.27,556.57,6633.8,15.08,66.12,92.95,63.46
1/6/2022,22.49,50.65,193.53,1542.35,15.76,71.89,45.9,35.65
2/6/2022,22.49,40.77,183.4,3575.06,14.27,83.52,57.91,141.12
3/6/2022,22.49,84.46,157.08,2447.95,15.43,82.99,59.31,193.96
4/6/2022,22.49,65.26,346.9,5086.22,14.52,66.64,92.19,82.58
5/6/2022,22.49,79.34,166.52,1651.96,16.01,89.26,93.44,177.46
6/6/2022,22.49,73.72,469.12,3570.23,14.46,71.74,90.68,98.95
7/6/2022,22.49,36.32,486.8,4226.68,18.24,71.3,45.87,188.08
8/6/2022,22.49,86.26,66.76,7199.76,13.83,66.09,88.42,50.71
9/6/2022,22.49,52.83,418.46,3493.54,13.35,68.82,46.24,48.4
10/6/2022,22.49,43.22,481.1,6071.32,12.9,83.36,94.27,105
11/6/2022,22.49,80.94,340.64,4705.78,12.39,83.94,89.21,106.26
12/6/2022,22.49,72.97,74.94,6422.8,18.31,79.31,67.36,149.25
13/6/2022,22.49,81.22,294.81,1177.3,13.97,65.19,49.56,64.55
14/6/2022,22.49,46.25,427.37,3532.12,14.2,88.75,56.11,53.73
15/6/2022,22.49,33.43,424.85,2720.29,10.09,74.23,82.97,152.15
16/6/2022,22.49,54.79,455.41,4883.25,13.38,60.07,72.55,84.28
17/6/2022,22.49,83.44,291.57,7820.01,13.59,61.83,79.74,179.37
18/6/2022,22.49,86.55,243.72,4427.11,11.4,84.71,44.45,147.72
19/6/2022,22.49,46.38,402.02,1925.86,15.84,68.33,40.33,143.71
20/6/2022,22.49,86.75,130.05,6176.67,17.99,80.22,53.88,58.49
21/6/2022,22.49,52.76,253.44,5122.51,19.33,77.74,83.23,197.8
22/6/2022,22.49,43,236.24,7189.88,15.83,76.08,82.58,162.29
23/6/2022,22.49,38.56,387.51,5844.49,17.57,72.53,63.23,195.48
24/6/2022,22.49,34.04,309.46,1702.14,22.18,67.59,75.51,163.64
25/6/2022,22.49,83.08,293.95,1325.9,12.42,62.53,83.41,195.61
26/6/2022,22.49,30.66,208.84,5582.15,14.8,88.47,79,193.91
27/6/2022,22.49,53.11,382.41,5491.75,15.98,68.41,73.82,186.8
28/6/2022,22.49,34.96,327.51,1189.29,12.74,64.79,75.79,67.1
29/6/2022,22.49,87.99,383.21,5393.31,15.36,87.12,51.62,90.16
30/6/2022,22.49,66.97,197.67,5778.46,17.17,87.75,53.9,77.46
1/7/2022,16.04,39.33,102.73,5949.25,20.44,69.84,45.5,52.98
2/7/2022,16.51,53.46,284.73,10598.55,19.6,75.51,87.84,141.08
3/7/2022,17.58,60.71,182.51,4423.48,16.04,74.78,74.07,128.79
4/7/2022,17.81,36.27,564.79,5229.05,13,84.06,81.47,68.25
5/7/2022,16.38,44.54,606.21,11520.67,19.46,73.69,94.82,104.84
6/7/2022,15.24,72.78,213.35,3001.79,19.95,81.73,85.44,179.23
7/7/2022,15.25,77.23,563.04,6401.3,21.31,71.29,52.73,30.13
8/7/2022,15.87,57.11,657.86,7545.48,12.38,87.99,76.79,183.08
9/7/2022,15.94,37.69,485.26,3085.12,20.36,87.41,81.48,138.92
10/7/2022,15.52,50.84,242.56,9809.88,12.59,60.27,74.13,158.19
11/7/2022,15.66,59.47,197.76,6414.36,19.78,65.01,56.42,153
12/7/2022,17.91,70.9,592.13,10111.66,19.81,87.7,87.85,49.94
13/7/2022,15.43,43.34,264.48,6282.74,19.25,86.36,70.4,140.06
14/7/2022,16.67,76.7,189.35,2421.84,12.68,74.41,47.45,112.66
15/7/2022,15.86,75.63,494.78,8157.77,14.29,74.49,89.27,92.09
16/7/2022,15.45,71.95,492.01,7969.66,12.65,69.02,70.82,97.08
17/7/2022,15.51,36.01,274.34,7763.51,13.7,60.06,84.98,105.16
18/7/2022,17.92,68.01,647.38,8128.2,15.27,67.45,69.83,45.12
19/7/2022,15.39,84.87,300.14,9726.91,16.18,71.18,46.78,142.67
20/7/2022,18.04,45.1,253.54,5213.34,12.99,82.01,66.37,71.82
21/7/2022,18.29,41.88,713.28,11644.58,15.72,74.2,99.45,114.24
22/7/2022,18.4,51.03,705.6,6508.26,19.28,83.79,68.11,145.35
23/7/2022,15.27,68.15,711.44,5952.1,13.34,89.93,91.44,152.57
24/7/2022,17.18,69.25,668.97,6493.08,18.09,85.68,86.1,94.33
25/7/2022,16.25,50.81,412.85,4667.54,10.16,79.94,85.07,60.41
26/7/2022,15.11,78.69,314.73,4788.15,18.63,82.4,40.11,37.95
27/7/2022,18.31,61.2,425.44,2748.27,14.34,68.06,58.44,174.96
28/7/2022,16.28,59.31,324.11,4548.42,17.54,75.49,90.71,68.63
29/7/2022,16.02,51.5,321.98,3885.09,16.12,65.59,88.53,191.35
30/7/2022,15.32,76.5,557.16,10851.12,16.55,80.47,64.08,31.39
31/7/2022,16.21,53.8,521.47,6820.7,18.8,62.28,53.27,103.4
1/8/2022,10.27,85.88,131.56,7752.3,14.55,74.63,84.19,43.18
2/8/2022,13.19,45.77,335.35,2136.73,14.85,61.95,77.61,94.63
3/8/2022,11.25,35.53,97.06,10589.51,11.73,79.99,86.25,168.77
4/8/2022,12.49,40.91,931.98,9347.98,19.99,89.21,41.45,91.89
5/8/2022,14.57,69.21,580.59,3915.39,20.26,79.86,43.96,52.61
6/8/2022,12.92,86.68,372.46,11677.58,13.71,78.61,83.39,140.95
7/8/2022,10.64,64.01,183.78,11114.05,16.88,61.36,42.34,194.42
8/8/2022,11.15,73.77,707.29,12476.79,14.88,71.7,75.26,62.29
9/8/2022,12.67,69.53,710.45,8148.29,17.58,82.04,92.52,105.24
10/8/2022,12.58,77.68,672.13,6937.73,13.63,65.25,46.78,40.32
11/8/2022,13.12,77.18,93.93,14240.95,14.84,69.74,63.88,47.39
12/8/2022,14.16,43.42,201.09,2476.55,13.1,73.61,86.1,184.16
13/8/2022,10.43,66.9,817.77,12033.94,14.48,66.15,61.19,181.53
14/8/2022,13.44,53.49,835.89,9699.14,9.83,61.3,43.6,99.22
15/8/2022,13.22,50.33,190.22,4491.48,13.88,78.14,75.8,159.09
16/8/2022,14.5,51.6,756.46,8118.7,16.57,63.93,63.53,90.06
17/8/2022,10.37,33.39,431.35,7859.35,22.05,83.09,91.15,170.75
18/8/2022,11.24,35.74,875.67,5870.36,15.97,80.99,63.67,82.02
19/8/2022,12.51,69.49,623.38,11523.83,19.01,72.33,95.83,110.92
20/8/2022,14.07,31,238.82,3940.53,15.03,61.96,41.6,104.02
21/8/2022,12.73,81.31,673.78,5284.11,15.06,71.72,93.9,34.14
22/8/2022,11.1,73.79,918.56,6589.8,14.02,79.94,49.42,188.69
23/8/2022,10.1,31.48,220.68,5356.55,17.81,89.66,99.92,91.8
24/8/2022,11.49,44.87,291.8,11169.03,18.59,83.35,70.04,195.09
25/8/2022,11.77,39.44,688.73,11781.61,15.48,85.51,60.92,142.36
26/8/2022,14.28,45.45,374.26,13610.25,11.71,78.15,42.3,95.67
27/8/2022,13.42,34.54,473.6,3969.22,12.42,84.81,83.12,48.78
28/8/2022,12.56,66.88,647.72,3453.28,20.24,83.31,99.32,126.35
29/8/2022,14.12,36.67,501.02,11186.41,15.72,60.72,88.75,48.92
30/8/2022,10.08,78.31,580.12,7139.59,17.67,65.67,77.97,128.11
31/8/2022,13.75,46.09,511.31,9927.07,20.11,80.01,54.46,58.67
1/9/2022,13.71,72.1,801.34,6515.51,15.26,78.48,58.59,64.81
2/9/2022,12.47,58.72,894.71,9460.24,9.38,65.15,51.44,82.78
3/9/2022,13.4,57.47,859.57,8484.07,19.07,75.71,66.56,57.9
4/9/2022,10.56,53.31,479.34,9049.42,15.98,79.26,48.34,180
5/9/2022,8.82,52.38,914.71,12262.44,19.01,74.44,99,93.63
6/9/2022,11.3,79.29,675.83,8786.09,20.26,75.36,54.16,156.67
7/9/2022,11.58,89.52,518.91,15962.73,18.78,61.65,57.76,179.07
8/9/2022,13.61,86.9,293.95,3447.79,14.82,83.64,49.06,46.47
9/9/2022,8.1,57.71,849.48,5926.4,11.39,67.15,72.76,106.76
10/9/2022,13.59,49.33,663.32,14329.53,13.56,87.49,93.63,151.78
11/9/2022,13.68,79.08,815.31,6602.89,12.69,88.24,93.36,88.68
12/9/2022,13.82,46.9,251.54,15183.67,12.87,71.66,54.87,116.62
13/9/2022,9.04,46.16,804.48,10813.22,10.03,73.67,53.33,163.5
14/9/2022,9.68,50.01,392.53,6794.45,16.34,81.13,52.51,175.63
15/9/2022,13.94,45.71,829.69,12790.17,11.98,79.17,65.38,194.26
16/9/2022,13.14,34.58,697.38,13089.65,16.69,68.79,58.24,49.41
17/9/2022,14.45,73.3,789.71,4961.29,11.76,64.38,77.72,38.93
18/9/2022,9.71,45.16,217.05,12134.23,19.45,68.41,42.98,60.7
19/9/2022,10.97,81.88,750.79,15134.73,14.35,83.61,83.68,92.37
20/9/2022,7.68,30.78,287.02,15632.92,16.21,72.5,91.1,88.31
21/9/2022,13.78,50,905.8,10679.3,13,64.15,41.03,80.36
22/9/2022,11.78,77.21,469.23,2239.69,12.88,81.41,51.35,72.24
23/9/2022,9.79,41.19,396.24,10690.7,10,60.1,46.21,82.42
24/9/2022,13.95,45.46,208.25,7323.7,12.99,77.48,57.85,73.39
25/9/2022,8.23,49.87,730.75,2148.92,17.19,61.32,80.79,57.5
26/9/2022,12.07,32.09,632.54,4932.57,16.08,72.33,77.17,94.06
27/9/2022,13.76,53.52,460.58,14845.04,16.82,69.42,88.4,39.66
28/9/2022,13.87,83.26,161.61,13649.93,20.16,70.28,51.76,156.33
29/9/2022,9.56,48.09,592.12,14128.06,16.28,63.15,45.76,168.26
30/9/2022,13.49,34.97,355.33,14569.53,17.21,73.59,63.67,131.35
1/10/2022,11.59,48.67,243.72,8230.37,16.18,74.56,40.21,184.09
2/10/2022,9.53,45.33,513.42,10373.98,11.18,60.93,98.22,122.4
3/10/2022,10.83,80.11,311.29,10189.53,12.93,76.35,48,181.97
4/10/2022,14.27,76.01,410.22,3966.38,14.08,71.17,44.85,166.62
5/10/2022,12.12,85.65,922.31,5242.54,14.1,77.78,89.53,170.46
6/10/2022,12.6,47.68,826.54,8306.61,12.99,89.27,66.62,114.97
7/10/2022,11.74,55.65,178.99,7806.78,18.23,79.95,55.97,139.98
8/10/2022,13.72,73.09,190.67,2292.12,21.94,78.77,68.23,33.36
9/10/2022,14.87,34.49,475.55,9426.96,10.59,67.06,57.85,99.51
10/10/2022,10.82,81.89,722.7,5222.38,16.49,60.9,98.54,37.06
11/10/2022,13.73,72.57,278.11,9110.87,15.47,89.2,66.78,161.44
12/10/2022,13.49,59.96,615.39,3961.78,12.43,81.24,74.68,150.02
13/10/2022,13.59,63.63,509.28,11123.2,11.99,86.83,80.72,61.52
14/10/2022,9.54,31.84,350.02,9297.16,14.22,78.03,98.91,123.05
15/10/2022,12.75,44.4,302.38,2571.15,18.24,72.15,52.21,173.1
16/10/2022,14.56,30.83,549.26,5516.91,12.09,77.04,98.49,128.39
17/10/2022,13.06,44.57,172.29,7396.34,13.72,89.41,97.35,165.03
18/10/2022,14.76,45.43,104.2,10654.95,18.74,61.75,86.94,178.68
19/10/2022,13,82.34,322.05,14861.12,14.99,87.16,51.93,162.06
20/10/2022,10.13,81.39,575.26,13484.76,20.33,75.62,82.72,76.17
21/10/2022,12.78,47.33,854.83,8476.96,14.67,80.18,85.57,75.75
22/10/2022,12.52,64.55,148.63,11773.69,17.16,71.22,55.78,135.84
23/10/2022,12.25,76.68,306.11,11936.81,14.67,87.23,72.29,137.47
24/10/2022,11.72,86.32,635.98,11039.84,11.31,77.8,61.17,34.24
25/10/2022,13.32,64.48,726.39,13965.47,16.21,82.8,77.19,139.06
26/10/2022,11.4,54.31,272.52,2783.33,17.7,73.6,46.4,51.64
27/10/2022,15.27,66.11,334.42,8510.42,18.67,74.82,57.52,136.45
28/10/2022,13.34,72.84,663.88,6975.62,15.51,82.5,79.39,36.28
29/10/2022,14.93,40.83,883.72,3958.78,18.41,84.77,71.7,185.38
30/10/2022,14.55,83.32,171.64,12065.69,17.57,78.37,61.54,97.42
31/10/2022,14.98,68.22,251.4,4098.62,21.6,85.23,64.81,83.37
1/11/2022,17.8,77.6,288.56,10459.82,16.15,77.45,60.95,163.36
2/11/2022,16.87,35.54,476.01,9483.75,12.33,85.76,75.51,193.39
3/11/2022,16.7,82.21,471.16,11249.37,20.41,68.25,95.1,180.69
4/11/2022,16.06,71.15,607.57,4183.96,16.56,84.07,82.45,92.94
5/11/2022,16.72,58.95,712.72,10593.31,18.3,72.48,75.63,175.85
6/11/2022,15.93,40.28,86.39,9742.7,10.89,83.37,80.29,178.57
7/11/2022,18.14,64.41,495.51,6594.71,19.36,80.53,46.86,70.26
8/11/2022,18.46,57.39,735.35,11013.14,14.25,67.37,42.9,128.6
9/11/2022,16.68,32.02,503.58,4400.59,11.47,67.23,53.59,118.82
10/11/2022,15.71,45.97,225.07,2701.27,18.34,73.7,46.03,159.44
11/11/2022,17.63,73.83,100.13,4051.28,9.82,63.87,57.15,60.2
12/11/2022,15.61,70.7,138.64,2554.75,20.19,69.8,56.66,102.04
13/11/2022,15.42,84.61,624.39,5232.53,12.17,80.19,77.07,105.05
14/11/2022,16.32,70.56,389.93,5534.48,17.31,79.19,94.74,165.3
15/11/2022,15.58,43.68,95.8,8373.26,9.85,84.75,53.02,46.89
16/11/2022,17.43,61.83,705.25,8550.89,13.82,82.12,91.7,178.64
17/11/2022,15.29,84.25,207.67,10616.15,14.9,60.45,56.42,189.46
18/11/2022,15.35,30.27,78.29,9505.5,15.3,82.84,85.17,75.3
19/11/2022,16.34,30.49,521.4,8647.13,19.19,81.3,82.06,135.66
20/11/2022,15.07,49.51,490.09,7765.61,17.66,88.64,54.35,57.68
21/11/2022,15.78,55.44,225.98,10865.23,21.28,69.79,63.6,42.35
22/11/2022,16.71,84.03,169.79,1639.55,12.08,77.44,75.83,106.67
23/11/2022,16.91,57.13,505.02,11783.96,15.27,76.35,77.23,150.58
24/11/2022,15.14,42.09,319.82,11661.66,9.75,68.82,71.06,97.64
25/11/2022,15.8,72.14,328.47,9358.5,11.72,71.57,64.48,195.13
26/11/2022,17.63,52.07,352.8,3822.2,16.15,75.63,99.17,124.97
27/11/2022,15.9,87.3,171.89,3180.59,19.12,61.13,91.09,51.48
28/11/2022,16.14,56.29,493.04,10652.32,16.25,85.71,43.56,81.44
29/11/2022,15.95,68.86,310.34,4473.44,21.04,75.4,56.65,175.32
30/11/2022,16.82,34.5,159.89,11257.45,18.69,78.45,61.39,176.32
1/12/2022,22.49,82.53,405.74,2218.12,19.56,66.66,67.85,198.26
2/12/2022,22.49,57.16,118.05,3047.44,10.3,71.11,42.03,48.92
3/12/2022,22.49,81.47,308.02,4930.49,17.14,66.8,65.82,161.67
4/12/2022,22.49,78.85,392.9,1219.3,11.8,85.35,46.42,159.09
5/12/2022,22.49,56.77,391.38,1305.1,15.42,84.89,51.61,142.04
6/12/2022,22.49,51.96,131.19,3496.12,15.46,67.2,57.95,180.42
7/12/2022,22.49,30.34,414.81,4777.86,15.04,88.1,71.05,149.7
8/12/2022,22.49,78.75,334.74,4782.32,15.53,73.39,94.5,193.25
9/12/2022,22.49,60.66,484.44,5903.65,16.27,85.06,85.04,58.5
10/12/2022,22.49,55.21,165.59,3746.61,17.71,65.78,42.33,151.17
11/12/2022,22.49,48.51,232.96,2709.46,16.22,65.11,52.76,96.4
12/12/2022,22.49,35.63,450.54,4652.8,11.85,69.19,55.86,83.9
13/12/2022,22.49,64.41,317.13,1233.18,20.96,83.28,45.09,34.3
14/12/2022,22.49,78.46,318.23,1755.91,13.62,67.41,61.66,173.82
15/12/2022,22.49,79.54,337.13,2043.83,11.51,77.23,73.14,35.15
16/12/2022,22.49,37.51,492.85,5930.28,16.76,77.23,61.89,159.63
17/12/2022,22.49,52.61,68.29,6931.89,14.32,65.97,97.02,147.89
18/12/2022,22.49,43.82,166.6,2598.64,20.93,63.09,90.19,158.63
19/12/2022,22.49,68.52,345.6,3118.46,10.52,68.79,90.27,184.94
20/12/2022,22.49,85.53,303.46,5018.66,16.53,62.02,61.09,88.7
21/12/2022,22.49,65.48,123.71,3665.89,21.06,79.78,58.92,132.56
22/12/2022,22.49,78.18,381.12,6083,12.28,81.7,99.63,140.67
23/12/2022,22.49,42.51,380.47,7915.11,12.88,85.83,97.7,40.18
24/12/2022,22.49,81.58,469.09,4607.6,16.88,62.18,43.87,161.26
25/12/2022,22.49,85.22,185.81,7125.26,16.12,66.77,71.82,182.54
26/12/2022,22.49,65.7,170.84,6495.64,15.52,78.53,89.2,171.14
27/12/2022,22.49,52.9,354.03,4772.23,10.82,80.45,53,105.74
28/12/2022,22.49,79.17,422.92,2119.96,18.14,60.64,67.37,81.38
29/12/2022,22.49,84.21,302.3,5505.55,14.89,67.15,57.27,130.17
30/12/2022,22.49,62.22,70.59,4081.91,21.04,62.05,48.92,153.68
31/12/2022,22.49,79.7,178.9,6156.87,11.97,68.55,58.66,43.09
1/1/2023,29.15,61.55,626.93,8298.35,18.56,72.22,81.43,44.67
2/1/2023,29.94,45.01,639.86,8909.89,15.67,60.46,52.91,62.08
3/1/2023,28.78,69.3,582.16,7640.61,19.85,67.07,88.54,86.97
4/1/2023,29.96,64.76,701.68,10618.93,23.57,62.19,94.6,39.9
5/1/2023,28.39,67.83,124.63,1925.99,20.19,84.01,69.2,191.39
6/1/2023,26.84,59.63,294.71,8585.35,14.2,83.46,95.28,66.36
7/1/2023,26.69,60.58,582.16,8560.43,16.51,84.47,81.67,132.49
8/1/2023,29.42,80.61,93.3,2779.44,21.48,79.72,43.69,175.66
9/1/2023,27.26,60.12,342.91,5331.75,12.35,89.31,74.66,158.96
10/1/2023,28.46,39.37,633.53,10792.6,17.23,75.98,71.15,161.17
11/1/2023,29.41,79.96,153.57,11231.61,23.27,72.68,99.1,82.56
12/1/2023,29.85,81.15,324.5,5229.26,12.17,68.9,80.64,49.33
13/1/2023,28.52,41.82,219.89,1794.09,18.7,66.61,88.08,184.15
14/1/2023,26.88,85.13,183.64,10827.69,15.23,83.07,42.94,198.87
15/1/2023,29.66,77.56,187.7,11658.77,19.51,87.07,63.95,84.04
16/1/2023,29.02,68.68,209.12,10642.82,25.51,67.23,60.36,184.33
17/1/2023,28.55,44.41,490.71,9454.54,21.04,77.28,83.76,90.6
18/1/2023,28.91,49.81,722.55,6187.47,25.1,64.67,48.67,146.88
19/1/2023,26.83,50.46,115.15,8418.04,20.79,81.82,40.33,159.16
20/1/2023,29.16,49.84,736.69,9771.58,15.29,78.88,40.61,49.2
21/1/2023,28.36,52.19,742.71,4312.02,19.83,76.52,74.8,125.83
22/1/2023,27.2,34.73,417.2,7011.34,14.6,79.31,88.55,51.36
23/1/2023,28.91,82.81,585.98,5563.89,21.67,74.88,85.2,172.77
24/1/2023,26.82,66.45,498.77,8192.98,25.2,74.94,98.43,44.13
25/1/2023,26.51,78.25,327.87,3048.27,24.6,86.94,64.49,123.11
26/1/2023,28.04,70.75,396.73,7462.32,17.26,80.95,54.99,73.05
27/1/2023,29.86,72.09,254.83,4476.95,17.48,85.27,41.63,168.01
28/1/2023,27.44,85.01,397.51,3304.02,19.08,70.98,54,47.97
29/1/2023,28.87,49.77,483.9,5657.8,16.73,67.04,42.01,172.95
30/1/2023,27.31,74.57,387.05,6064.02,26.08,80.54,97.03,43.78
31/1/2023,28.03,89.25,651.74,7221.22,26.77,69.34,51.98,43.99
1/2/2023,29.97,32.4,203.98,12943.6,17.19,66.48,92.27,101.71
2/2/2023,30.49,86.85,205.19,11263.31,23.23,81.85,70.31,39.61
3/2/2023,31.26,58.28,426.61,11591.19,18.05,68.67,60.49,94.94
4/2/2023,35.05,76.91,317.31,11741.3,17.57,88.7,56.31,83.61
5/2/2023,34.17,84.7,689.11,13465.22,18.08,84.14,50.91,35.23
6/2/2023,35.16,65.04,214.69,9533.3,13.8,70.06,57.2,184.25
7/2/2023,32.63,32.43,447.36,10662.45,23.74,82.17,47.14,172.94
8/2/2023,33.55,45.5,413.2,3528.89,17.02,68.37,72.07,151.22
9/2/2023,30.86,67.92,884.87,7823.21,20.39,77.58,74.43,37.33
10/2/2023,30.73,72.1,298.95,5562.99,21.4,78.11,46.97,76.19
11/2/2023,30.26,70.14,454.04,4598.47,13.58,68.87,56.06,142.52
12/2/2023,33.36,47.8,612.46,7574.75,16.75,72.03,79.72,78
13/2/2023,31.28,69.59,766.56,14164.34,21.06,85.41,62.64,196.74
14/2/2023,31.92,69.64,720.58,13678.8,16.42,87.11,67.02,149.5
15/2/2023,32.3,56.9,196.33,12971.51,16.28,68.26,52.9,177.2
16/2/2023,34.12,37.52,862.75,4162.89,14.07,73.85,92.72,68.5
17/2/2023,34.49,71.59,867.35,7356.99,20.54,88.35,80.91,164.74
18/2/2023,30.44,71.46,769.19,9923.23,17.26,80.18,68.4,94.7
19/2/2023,34.94,86.48,519.75,2027.44,15.35,84.06,95.3,195.45
20/2/2023,34.43,47.99,156.8,4978.47,15.49,69.52,60.39,66.31
21/2/2023,33.97,79.23,473.05,11079.8,16.77,78.38,59.48,92.84
22/2/2023,29.68,40.07,160.41,12619.58,13.7,70.24,97.39,78.29
23/2/2023,32.11,54.19,656.2,2755.01,17.57,63,53.47,119.65
24/2/2023,33.32,58.32,893.52,5588.49,18.13,82.74,55.02,179.82
25/2/2023,35.09,69.6,638.07,8062.94,16.78,72.97,70.53,188.95
26/2/2023,31.86,67.98,748.83,10894.16,19.37,71.19,74.03,85.19
27/2/2023,33.55,79.1,374.89,7855.12,18.41,73.2,69.81,56.31
28/2/2023,34.01,39.15,309.37,5603.64,18.44,70.47,63.39,143
1/3/2023,32.46,70.5,745.33,13268.87,18.82,74.19,42.2,125.31
2/3/2023,34.73,58.17,401.08,10414.35,16.8,68.84,51.07,71.64
3/3/2023,37.23,34.41,564.74,2555.82,17.31,67.43,97.19,155.85
4/3/2023,35.66,50.56,113.2,14702.65,20.99,81.68,64.6,69.2
5/3/2023,30.83,80.32,424.31,3310.82,23.65,67.13,43.24,87.2
6/3/2023,36.35,84.89,629.24,7653.19,18.44,75.74,47.28,190.96
7/3/2023,32.78,44.05,642.59,12062.36,23.56,78.94,83.58,81.98
8/3/2023,31.78,73.42,879.45,15998.05,20,66.64,40.89,129.77
9/3/2023,34.67,59.03,698.78,14311.05,15.24,89.14,85.38,112.92
10/3/2023,36.95,79.37,723.98,11244.53,21.37,64.07,89.44,83.12
11/3/2023,31.51,69.86,775.52,14472.53,23.17,71.67,66.53,153.16
12/3/2023,34.21,32.53,940.57,9619.53,24.43,77.45,51.71,69.43
13/3/2023,33.71,56.18,860.81,14345.79,20.19,68.28,98.46,74.36
14/3/2023,32.77,40.24,195.72,12833.86,19.73,65.26,69.58,68.45
15/3/2023,35.96,80.06,962.1,4102.07,15.37,65.28,46.98,158.11
16/3/2023,32.07,87.98,563.27,4254.23,21.64,70.88,91.39,135.89
17/3/2023,31.56,45.12,756.87,10681.19,13.15,71.22,65.23,110.14
18/3/2023,31.73,36,597.32,14156.66,26.11,79.28,46.35,86.5
19/3/2023,35.42,62.6,875.05,10853.67,14.64,80.24,89.07,197.9
20/3/2023,31.57,83.74,418.09,14429.56,22.36,76.18,80.65,76.11
21/3/2023,35.81,83.88,914.03,2308.2,23.7,72.65,91.89,168.12
22/3/2023,34.26,72.94,403.87,8621.8,16.9,64.08,87.32,120.53
23/3/2023,34.3,54.49,945.32,15468.06,14.06,77.17,83.08,157.78
24/3/2023,35.43,40.8,102.93,13499.36,20.06,86.74,71.38,42.63
25/3/2023,31.43,80.17,620.43,13030,24.87,66.41,57.06,44.43
26/3/2023,36.63,52.04,446.52,15388.28,17.87,70.48,71.65,141.66
27/3/2023,35.25,78.87,190.77,5034.42,22.78,71.51,68.29,150.08
28/3/2023,33.11,45.15,260.69,10787.99,24.5,80.73,78.96,149.33
29/3/2023,31.94,31.7,417.93,12530.99,15,85.06,88.16,51.72
30/3/2023,35.85,58.78,113.2,5346.08,20.85,73.13,62.63,65.4
31/3/2023,33,89.73,571.17,5761.1,13.05,71.93,53.11,93.27
1/4/2023,35.47,84.58,517.35,14587.53,23.14,76.02,71.4,176.35
2/4/2023,31.69,61.39,529.73,14326.22,19,72.12,61.11,41.81
3/4/2023,33.74,39.05,446.7,6342.16,14.71,86.65,95.48,181.59
4/4/2023,29.59,80.7,780.79,3888.88,23.78,68.02,68.6,103.71
5/4/2023,30.77,38.65,418.52,12364.83,18.77,63.83,40.87,133.41
6/4/2023,29.78,46.62,931.33,7925.56,13.45,60.74,65.39,44.7
7/4/2023,29.89,46.98,663.64,8915.16,19.55,86.35,56.63,162.33
8/4/2023,30.29,86.81,118.99,4513.83,12.73,87.18,55.04,30.02
9/4/2023,30.19,83.99,369.89,8880.5,19,87.95,43.79,97.66
10/4/2023,33.42,33.93,654.48,13759.33,20.2,83.7,46.03,176.67
11/4/2023,35.03,55.01,430.2,6520.02,21.68,60.24,96.55,66.3
12/4/2023,32.14,74.18,173.05,3809.09,18.38,83.92,59.94,191.5
13/4/2023,32.92,75.61,753.54,7486.19,20.75,84.44,64.53,96.76
14/4/2023,34.33,79.71,543.35,5182.84,16.24,87.99,78.81,113.28
15/4/2023,32.72,47.13,588.21,5276.12,17.09,87.59,71.38,137.01
16/4/2023,35.05,51.41,159.3,9442.15,21.89,65.86,93.46,175.32
17/4/2023,31.35,40.23,903.03,10236.2,12.48,69.76,54.16,149.8
18/4/2023,29.94,75.41,786.83,13133.92,21.32,65.48,88.73,66.01
19/4/2023,35,44.19,387.54,11409.61,19.41,73.68,84.53,119.55
20/4/2023,33.95,85.12,857.13,13945.3,21.13,71.55,47.1,90.11
21/4/2023,29.9,31.2,583.8,9895.96,14.36,63.08,59.46,187.85
22/4/2023,34.01,67.72,172.72,11765.28,21.33,64.23,67.84,131.27
23/4/2023,29.84,52.1,333.44,8341.76,18.19,74.19,64.99,111.06
24/4/2023,35.44,56.04,677.37,11799.52,13.14,64.07,91.53,175.04
25/4/2023,33.24,54.61,167.58,8845.88,19.73,87.98,46.25,158.17
26/4/2023,32.6,49.31,210.37,13093.6,24.74,67.49,92.74,134.88
27/4/2023,31.38,57.05,692.7,11652,15.05,83.74,42.18,126.28
28/4/2023,30.88,78.59,267.97,11348.32,21.56,74.87,86.91,174.72
29/4/2023,34.16,35.27,780.45,1947.06,25.43,72.07,96.73,105.54
30/4/2023,33.05,41.79,365.41,13617.12,13.86,84.95,57.09,61.63
1/5/2023,27,74.36,159.02,3684.55,18.25,76.34,85.24,155.81
2/5/2023,28.11,33.03,332.95,5193.48,18.53,84.42,96.11,149.33
3/5/2023,28.21,73.78,157.22,7645.82,16.78,71.85,50.29,114.63
4/5/2023,29.26,80.32,701.96,9158.63,18.44,61.3,78.72,179.88
5/5/2023,27.43,38.81,352.01,5488.32,22.7,85.34,75.28,88.66
6/5/2023,28.89,77.17,382.75,3062.15,14.24,87.8,54.56,139.44
7/5/2023,27.69,75.77,281.18,9758.3,15.48,72.2,96.94,66.76
8/5/2023,29.88,80.38,235.71,2594.7,15.37,76.6,75.08,101.86
9/5/2023,27.15,45.17,279.11,10355.48,18.96,89.56,84.71,122.25
10/5/2023,28.72,79.44,309.65,9826.24,22.08,89.38,95.13,47.69
11/5/2023,29.78,35.41,476.79,11286.3,18.35,66.35,80.77,60.08
12/5/2023,27.1,34.18,729.88,3899.58,20.93,75.15,77.21,75.41
13/5/2023,28.13,63.94,651.17,3235.78,21.22,74.33,83.87,73.18
14/5/2023,27.76,78.41,597.73,7012.59,18.99,87.71,70.53,190.66
15/5/2023,29.34,33.65,327.18,10293.56,14.16,86.1,57.07,40.5
16/5/2023,26.84,67,518.97,10069.25,25.47,75.99,98.43,44.09
17/5/2023,28.57,77.77,534.29,9908.67,19.49,65.15,61.38,128.64
18/5/2023,27.87,66.93,380.17,10916.33,20.25,63.68,69.33,31.83
19/5/2023,29.82,76.9,691.3,4846.53,15.29,68.92,80.9,109.14
20/5/2023,27.13,34.58,336.49,3838.79,17.26,74.58,75.52,34.15
21/5/2023,26.9,67.12,170.64,3706.77,19.77,88.77,86.85,59.67
22/5/2023,27.02,75.03,333.18,8168.89,16.77,60.43,70.28,185.33
23/5/2023,29.91,87.86,323.04,7400.35,22.07,76.89,71.13,55.98
24/5/2023,29.27,72.68,158.63,5190.52,15.77,88.61,40.09,190.83
25/5/2023,29.15,46.56,514.01,9809.56,20.28,82.95,64.63,154.18
26/5/2023,29.78,53.55,195.2,3443.67,17.51,74.53,93.92,146
27/5/2023,27.84,34.49,570.81,8482.59,20.35,73.54,61.93,66.55
28/5/2023,28.9,56.7,491.96,5238.88,19.96,70.05,74.21,104.58
29/5/2023,29.55,43.08,152.26,9925.82,16.44,63.84,43.75,157.13
30/5/2023,26.93,81.22,569.37,9056.33,20.28,70.84,96.95,83.37
31/5/2023,29.85,59.85,706.71,8217.71,20.25,63.08,53.54,157.69
1/6/2023,22.49,36.9,155.54,7443.68,20.54,83.95,95.5,113.42
2/6/2023,22.49,35.98,442,4017.91,23.03,80.16,57.06,141.33
3/6/2023,22.49,32.95,329.77,3286.53,20.76,87.32,56.82,127.27
4/6/2023,22.49,55.54,299.34,1922.28,21.1,73.33,75.29,117.71
5/6/2023,22.49,67.21,437.61,6861.56,24.16,65.33,98.87,91
6/6/2023,22.49,32.36,231.87,5318.33,17.63,65.13,69.9,144.67
7/6/2023,22.49,64.77,466.29,7862.72,14.28,79.28,93.7,124.71
8/6/2023,22.49,73.87,169,6522.7,19.63,79.44,86.34,181.48
9/6/2023,22.49,64.44,169.84,6752.21,20.56,64.53,71.99,66.23
10/6/2023,22.49,30.53,124.47,1105.66,13.29,63.16,48.42,94.08
11/6/2023,22.49,31.64,373.66,6020.76,19.03,61.22,82.93,166.97
12/6/2023,22.49,73.17,420.73,7456.26,22.15,71.92,40.91,177.96
13/6/2023,22.49,41.3,339.92,5552.38,22.17,83.23,90.45,166.72
14/6/2023,22.49,48.93,254.11,7579.98,18.17,84.92,80.85,165.34
15/6/2023,22.49,55.84,384.35,3268.63,16.96,77.56,79.65,146.2
16/6/2023,22.49,73.16,389.93,3846.23,20.45,69.64,49.02,32.29
17/6/2023,22.49,66.16,234.75,2468.83,15.2,79.93,98.43,138
18/6/2023,22.49,85.19,419.66,4201.89,19.86,65.37,66.95,49.22
19/6/2023,22.49,63.53,367.94,5171.01,17.98,84.81,44.43,106.59
20/6/2023,22.49,69.38,157.72,1297.48,16.12,61.96,93.59,50.83
21/6/2023,22.49,35.58,325.24,1392.2,13.6,77.85,71.43,68.96
22/6/2023,22.49,61.17,194.52,7449.49,22.57,85.54,40.31,92.37
23/6/2023,22.49,86.9,275.03,1588.42,17.17,81.94,49.98,46.88
24/6/2023,22.49,76.61,456.28,7044.51,17.76,75.42,99.91,94.52
25/6/2023,22.49,35.71,244.41,4894.69,22.95,75.05,53.44,118.88
26/6/2023,22.49,66.62,351.77,6627.86,21.75,73.57,90.17,159.49
27/6/2023,22.49,36.5,132.46,2271.32,12.78,88.23,40.37,178.46
28/6/2023,22.49,75.24,341.69,2873.03,15.04,72.48,69.64,85.25
29/6/2023,22.49,83.93,417.12,1194.86,25.7,65.07,60.63,80.27
30/6/2023,22.49,78.81,399.7,7027.04,20.24,84.13,68.71,92
1/7/2023,15.58,81.91,308.51,11458.68,23.48,82.66,66,31.2
2/7/2023,17.19,77.51,690.86,10893.68,23.02,75.69,96.42,114.48
3/7/2023,17.25,69.99,129.9,3567.05,21.41,68.8,85.08,135.05
4/7/2023,18.34,38.05,554.19,1583.66,25.76,60.72,92.36,100.92
5/7/2023,17.35,69.55,665.25,9847.84,20.61,65.82,40.01,118.2
6/7/2023,17.84,54.52,426.56,2237.68,22.05,84.96,61.77,174.41
7/7/2023,18.41,49.86,172.23,6725.5,19.6,83.29,92.39,88.68
8/7/2023,16.31,82.06,510.07,10537.45,23.03,88.61,67.32,102.33
9/7/2023,16.44,71.15,284.58,3223.35,20.93,85.11,70.21,83.49
10/7/2023,16.51,40.22,748.95,9287.5,15.94,61.01,87.99,182.09
11/7/2023,17.61,40.55,590.32,2366.6,11.49,63.26,96.84,121.23
12/7/2023,15.74,86.34,546.44,7268.66,20.41,70.74,41.18,164.68
13/7/2023,18.17,36.91,110.72,4484.1,15.13,82.88,68.93,148.67
14/7/2023,16.74,44.76,552.52,11708.5,14,89.59,72.69,154.56
15/7/2023,17.9,30.16,478.77,3750.08,13.86,62.8,73.23,125.29
16/7/2023,16.08,52.4,434.05,2282.74,23.46,78.97,91.13,168.23
17/7/2023,18.15,36.85,740.58,7501.49,16.14,73.88,60.29,41.9
18/7/2023,17.13,68.51,506.93,8935.04,19.46,65.52,46.19,105.56
19/7/2023,17.15,83.81,176.11,10530.84,16.81,69.37,61.86,155.14
20/7/2023,15.24,54.74,692.8,4333.74,17.86,80.89,46.21,36.13
21/7/2023,17.82,72.3,129.94,11455.1,19.96,64.78,57.36,83.42
22/7/2023,16.25,53.43,533.45,8046.63,21.59,63.89,78.4,155.65
23/7/2023,16.61,89.96,294.89,4758.62,18.79,78.7,43.86,94.09
24/7/2023,15.67,49.51,403.16,7391.64,17.56,83.21,92.99,75.48
25/7/2023,17.37,79.96,572.69,2171.92,19.5,82.43,84.14,82.28
26/7/2023,15.61,64.87,461.59,5917.41,15.55,63.55,99.33,108.94
27/7/2023,15.7,55.57,92.63,10115.53,22.02,60.53,62.4,108.87
28/7/2023,17.72,51.54,175.23,2297.71,20.93,82.39,65.09,40.57
29/7/2023,18.03,38.87,471.68,2079.57,16.72,73.09,62.64,180.22
30/7/2023,16.27,73.24,406.1,6055.98,13.82,82.69,50.5,71.81
31/7/2023,15.48,77.69,200.28,5799.1,19.11,85.02,69.5,142.24
1/8/2023,13.4,71.23,132.93,2279.16,19.84,86.11,60.25,113.13
2/8/2023,13.8,71.13,758.44,13693.58,17.07,62.73,71.07,94.85
3/8/2023,10.07,38.54,436.07,4131.48,21.44,67.25,40.93,117.24
4/8/2023,11.75,85.96,615.02,4083.15,21.76,81.52,88.73,62.09
5/8/2023,10.98,74.93,195.91,7310.22,22.99,61.21,45.38,175.97
6/8/2023,12.66,40.97,218.87,3915.91,18.8,80.63,50.48,70.57
7/8/2023,10.65,46.48,424.26,4150.77,16.72,65.54,56.38,121.11
8/8/2023,10.08,65.98,112.33,8373.13,19.25,61.99,86.62,84.39
9/8/2023,14.59,37.43,889.27,11292.28,17.03,60.22,49.12,58.39
10/8/2023,12.9,75.23,541.03,5149.65,24.27,69.15,67.63,157.13
11/8/2023,14.83,58.6,329.49,6318.39,24.7,76.9,61.99,198.66
12/8/2023,12.72,59.81,98.65,3987.28,21.43,83.36,76.91,35.22
13/8/2023,13.81,85.98,760.1,2663.6,21.42,64.13,49.4,187.65
14/8/2023,14.5,58.44,672.89,7124.96,18.3,68.6,70.13,46.41
15/8/2023,11.94,75.4,762.22,4902.27,15.28,88.18,95.77,105.21
16/8/2023,11.4,60.35,853.8,3680.45,24.03,84.81,92.25,157.05
17/8/2023,14.77,59.16,769.43,14587.05,23.39,83.37,74.99,127.94
18/8/2023,14.1,72.07,769.56,3118.06,21.79,73.26,40.11,154.29
19/8/2023,12.29,59.99,384.22,11824.9,20.2,79.21,56.3,141.45
20/8/2023,12.96,33.25,134.09,12057.25,17.34,72.46,89.48,194.78
21/8/2023,15.38,64.13,224.24,6967.76,15.94,60.74,67.45,144.68
22/8/2023,11.47,56.46,509.22,7352.1,20.48,88.13,93.68,123.15
23/8/2023,14.23,62.2,359.51,14188.96,21.86,68.74,85.63,39.95
24/8/2023,14.63,78.15,726.44,14763.38,24.44,79.35,79.38,74.42
25/8/2023,10.79,47.98,193.46,6480.6,21.96,81.29,63.07,49.1
26/8/2023,11.81,66.99,461.17,8788.15,21.69,60.58,76.11,101.87
27/8/2023,12,71.02,586.38,12422.78,20.78,69.05,61.46,148.25
28/8/2023,10.01,74.22,440.28,14023.64,19.3,73.58,77.25,124.1
29/8/2023,13.52,56.54,913.62,10586.41,17.99,65.86,97.39,68.33
30/8/2023,13.96,49.31,857.2,4745.31,15.21,77.24,95.27,184.56
31/8/2023,11.75,37,355.26,9859.18,15.65,84.55,42.21,91.73
1/9/2023,9.19,87.57,644.16,11958.82,15.47,73.83,42.08,172.83
2/9/2023,14.26,49.5,450.5,14529.45,15.14,85.94,80.72,177.42
3/9/2023,13.55,50.19,746.09,8719.38,12.33,82.78,52.92,43.28
4/9/2023,9.65,69.27,657.94,9526.39,23.22,64.15,92.77,34.13
5/9/2023,10.53,62.75,569.02,6402.19,14.02,61.74,47.72,61.91
6/9/2023,11.37,34.2,494.57,4731.19,21.69,72.91,62.28,52.81
7/9/2023,11.92,70.11,415.92,9151.07,25.7,89.96,62.64,128.88
8/9/2023,12.99,30.49,526.68,11357.23,21.38,75.54,53.22,140.33
9/9/2023,13.03,33.56,598.27,12798.96,20.94,81.57,79.15,98.25
10/9/2023,8.55,40.38,471.48,8813.88,19.16,70.98,95.45,95.76
11/9/2023,14.33,34.72,232.09,14221.05,17.43,87.87,74.74,193.55
12/9/2023,8.76,44.11,402.74,11775.53,15.41,78.83,55.02,198.88
13/9/2023,11.47,86.57,549.22,10504.63,25.49,83.61,76.23,114.53
14/9/2023,11.55,41.89,540.01,12155.8,15.36,80.99,69.61,118.67
15/9/2023,10.88,80.06,980.8,9651.39,20.42,87.12,66.35,172.03
16/9/2023,7.78,84.91,256.44,5365.42,20.19,82.08,41.17,121.31
17/9/2023,11.14,52.61,472.45,14890.63,17.46,65.76,43.61,74.53
18/9/2023,10.74,73.66,973.17,12724.59,18.19,84.27,66.77,166.65
19/9/2023,13,62.1,672.76,12763.73,23.03,74.62,56.67,102.62
20/9/2023,12.68,40.7,190.86,2867.73,22.97,82.78,51.69,80.76
21/9/2023,13.67,52.96,855.32,4268.9,20,60.02,71.73,129.42
22/9/2023,13.87,60.45,532.57,8158.98,15.14,63.79,41.16,55.4
23/9/2023,9.81,85.12,465.54,10518.05,22.19,67.69,93.63,68.17
24/9/2023,8.1,89.17,748.29,6601.09,13.38,71.32,82.71,188.36
25/9/2023,12.41,71.47,394.52,15024.37,16.16,84.16,79.58,108.53
26/9/2023,7.83,68.17,778.67,11067.91,18.44,86.69,96.61,175.47
27/9/2023,9.08,77.08,552.17,14967.36,24.56,71.51,41.08,148.53
28/9/2023,12.47,86.73,244.07,12097.67,18.1,60.06,73.73,168.67
29/9/2023,11.86,63.36,385.44,15831.39,22.31,84.6,77.1,93.39
30/9/2023,13.27,73.41,664.26,12935.33,21.69,62.12,76.62,62.13
1/10/2023,10.41,45.64,127.91,3852.28,16.37,84.41,96,118.22
2/10/2023,9.83,45.88,315.25,12269.83,12.9,84.13,58.8,112.7
3/10/2023,13.24,46.15,107.92,7909.55,17.24,85.97,76.11,49.04
4/10/2023,9.87,83.2,546.24,12699.87,17.9,65.55,76.33,156.75
5/10/2023,13.21,59.42,887.12,13427.95,15.15,85.43,44.08,138.75
6/10/2023,10.09,71.79,232.78,5996.05,16.86,80.59,62.73,138.46
7/10/2023,13.18,32.23,293.81,4228.03,12.3,86.57,80.46,57.91
8/10/2023,12.63,79.91,428.9,8865.81,13.05,69.22,99.03,197.83
9/10/2023,13.49,46.1,425.98,5516.32,12.86,74.01,44.7,83.96
10/10/2023,11.32,40.08,94.76,13905.2,22.92,79.78,64.47,141.93
11/10/2023,14.48,51.72,330,4816.99,16.61,67.19,98.31,131.74
12/10/2023,14.02,84.64,321.2,2829.8,12.56,76.91,79.53,138.66
13/10/2023,13.48,46.97,356.22,5483.77,21.52,82.02,98.66,165.52
14/10/2023,12.23,82.07,736.44,11029.71,15.1,88.15,63.16,33.4
15/10/2023,14.52,37.85,532.12,14116.93,24.97,87.19,94.28,86.78
16/10/2023,13.84,66.51,823.34,4187.98,14.95,85,80.42,143.7
17/10/2023,12.32,58.03,788.78,9697.21,16.75,63.35,78.91,89.64
18/10/2023,11.08,63.36,95.79,11248.43,21.87,62.59,72.47,194.93
19/10/2023,14.27,87.03,596.59,8193.44,17.8,80.04,73.57,106.88
20/10/2023,11.8,59.1,696.95,4158.69,20.21,77.03,74.89,188.62
21/10/2023,10.71,38.24,539.69,14292.2,12.26,88.58,83.53,111.04
22/10/2023,11.89,81.51,630.13,10856.65,16.28,63.87,50.21,181.57
23/10/2023,14.33,43.43,400.56,6206.02,20.55,76.37,50.27,48.81
24/10/2023,15.17,42.23,376.33,11799.63,20.64,64.92,75.7,118.85
25/10/2023,15.17,79.13,888.02,7861.18,22,64,87.24,187.75
26/10/2023,10.72,70.63,243.6,8209.56,14.82,61.99,46.45,45.82
27/10/2023,13.7,73.65,747.49,13572.25,20.21,60.13,81.51,35.37
28/10/2023,12.71,63.99,272.84,2098.28,23.04,86.78,67.55,89.19
29/10/2023,11.87,45.94,224.85,12327.82,16.42,72.76,83.7,65.95
30/10/2023,11.52,72.24,679.09,13355.93,24.29,85.42,84.47,122.26
31/10/2023,10.69,65.01,417.76,6742.73,14.63,74.35,55.7,133.15
1/11/2023,15.27,62.79,483.4,8738.8,21.34,75.02,98.83,36.62
2/11/2023,18.3,78.72,624.8,11539.11,16.89,81.75,78.27,160.43
3/11/2023,16.96,54.3,348.95,2388.65,21.48,61.05,83.99,55.41
4/11/2023,17.69,81.16,637.35,11187.47,21.27,62.38,45.12,91.87
5/11/2023,15.97,44.19,193.42,3417.07,24.78,62.8,49.93,172.92
6/11/2023,15.75,65.02,78.88,5398.36,18.46,75.4,42.48,72.44
7/11/2023,15.62,74.6,392.1,7419.79,24.32,63.9,47.39,36.15
8/11/2023,15.21,59.72,490.87,1806.06,24.46,65.06,56,79.31
9/11/2023,17.93,46.87,143.78,7922.17,14.42,89.09,86.09,139.09
10/11/2023,16.19,69.04,364.4,3020.38,20,81.4,41.11,98.76
11/11/2023,17.78,81.5,712.81,7314.67,18.83,69.36,85.71,130.13
12/11/2023,16.44,87.44,712.7,2726.67,16.87,70.75,98.6,155.9
13/11/2023,17.22,65.46,366.2,9379.08,17.88,68.76,99.59,89.35
14/11/2023,17.37,47.43,179.61,1740.29,16.87,69.03,73.65,192.28
15/11/2023,15.8,66.63,331.46,5981.38,20.2,89.15,83.56,41.37
16/11/2023,16.52,66.18,440.4,11558.44,21.87,86.76,54.98,70.39
17/11/2023,17.16,53.92,635.41,3818.56,17.31,61.05,57.83,123.92
18/11/2023,16.31,51.71,514.37,3224.68,14.67,62.07,94.01,53.08
19/11/2023,15.41,72.27,263.77,4873.48,24.58,89.18,81.38,179.99
20/11/2023,17.29,77.36,116.18,9354.78,18.92,87.62,73.34,70.97
21/11/2023,15.72,71.26,352.95,9472.19,15.15,87.05,84.94,33.28
22/11/2023,16.39,75.02,340.04,3342.69,19.33,70.95,91.51,151.95
23/11/2023,17.71,53.46,255.7,7422.15,15.09,63.41,87.34,116.61
24/11/2023,17.8,83.59,542.58,7266.76,17.17,84.29,98.33,194.16
25/11/2023,17.82,34.62,247.2,8531.08,16.55,62.27,92.97,116.28
26/11/2023,18.21,89.02,374.25,5561.01,18.97,69.35,69.36,161
27/11/2023,15.88,85.39,691.07,8359.5,25.08,61.14,67.9,194.01
28/11/2023,16.84,43.43,592,10881.28,13.53,80.79,63.89,94.03
29/11/2023,18.15,58.46,235.46,4722.98,20.49,82.83,68.68,191.83
30/11/2023,17.92,58.8,605.73,10238.04,19.96,84.89,48.22,180.51
1/12/2023,22.49,53.21,482.96,4295.99,20.24,80.09,82.82,123.31
2/12/2023,22.49,50.11,434.8,5613.37,13.44,61.89,58.51,138.55
3/12/2023,22.49,80.65,426.28,4768.65,21.66,63.75,82.54,192.5
4/12/2023,22.49,42.6,81.36,5998.62,26.52,72.72,55.34,192.12
5/12/2023,22.49,85.57,498.51,4764.81,22.6,76.03,97.75,143.57
6/12/2023,22.49,51.78,107.27,5992.78,19.7,64.21,86.53,85.46
7/12/2023,22.49,56.41,352.98,5470.32,18.18,80.3,91.97,101.35
8/12/2023,22.49,66.84,126.48,6230.37,20.79,73.13,82.87,138.32
9/12/2023,22.49,44.66,96.9,4099.66,13.71,82.17,97.01,36.15
10/12/2023,22.49,32.58,102.91,1390.06,22.61,71.46,60.18,46.33
11/12/2023,22.49,56.58,355.11,3932.65,20.37,65.69,70.85,197.69
12/12/2023,22.49,47.27,110.41,3276.26,24.42,70.46,68.07,183.32
13/12/2023,22.49,63.16,326.33,3827.16,19.53,65.92,40.38,174.25
14/12/2023,22.49,39.38,170.85,4403.61,18.3,60.52,63.95,183.14
15/12/2023,22.49,31.95,73.82,4511.36,18.7,69.69,71.27,85.29
16/12/2023,22.49,43.6,412.31,3986.95,24.41,75.12,86.89,104.24
17/12/2023,22.49,59.33,346.22,3465.53,17.26,64.86,69.5,175.37
18/12/2023,22.49,31.42,97.53,2619.9,15.31,60.26,51.47,181.03
19/12/2023,22.49,75.7,463.69,6152.8,14.82,75.25,48.77,49.83
20/12/2023,22.49,84.91,473.69,5306.54,17.41,72.19,84.48,177.81
21/12/2023,22.49,32.52,489.93,6370.86,13.48,72.14,66.3,82.89
22/12/2023,22.49,63.82,72.63,1468.28,19.48,72.38,45.28,169.27
23/12/2023,22.49,59.07,386.64,7807.75,16.85,89.69,62.62,151.23
24/12/2023,22.49,57.66,332.06,4003.03,24.48,72.33,54.41,94.79
25/12/2023,22.49,68.03,377.45,6746.87,13.97,65.99,65.99,57.72
26/12/2023,22.49,65.57,394.01,4271.65,18.54,61.53,74.6,37.1
27/12/2023,22.49,86.18,496,2703.74,19.12,75.46,61.53,42.8
28/12/2023,22.49,77.4,340.72,5621.17,19.31,61.34,57.57,99.46
29/12/2023,22.49,69,361.27,5373.12,16.46,60.23,43,50.93
30/12/2023,22.49,73.31,327.34,4903.04,24.36,74.45,80.23,189.5
31/12/2023,22.49,72.77,129.52,1813.26,23.35,76.76,74.08,88.29
1/1/2024,29.47,56.64,630.79,4282.65,25.5,79.83,93.64,149.65
2/1/2024,27.23,84.17,377.46,3918.32,23.3,72.14,95.64,162.64
3/1/2024,29.53,36.41,605.87,9178.25,22.66,77.08,47.53,139.66
4/1/2024,27.58,59.71,426.67,7056.21,16.02,74.54,98.31,111.35
5/1/2024,28.11,75.12,388.76,2518.47,20.75,88.04,54.21,190.26
6/1/2024,28.25,89.92,686.04,2694.26,28.41,62.52,62.01,130.54
7/1/2024,27.16,62.35,662.92,5724.58,21.62,86.82,89.61,183.4
8/1/2024,26.61,79.34,199.86,9415.59,17.86,68.43,42.43,52.89
9/1/2024,26.63,89.02,120.7,8666.31,22.28,89.34,94.68,69.04
10/1/2024,26.82,85.25,497.07,2432.97,19.89,83.29,64.76,83.42
11/1/2024,28.73,31.11,116.84,1886.05,20.02,73.44,51.13,82.51
12/1/2024,28.07,43.04,682.88,4528.8,24.28,79.01,94.72,35.58
13/1/2024,27.62,54.02,264.63,11345.5,18.84,88.41,70.1,56.33
14/1/2024,29.99,43.76,399.37,1906.5,26.9,85.4,93.36,86.17
15/1/2024,26.89,60.43,98.06,5149.14,18.38,63.29,70.56,37.57
16/1/2024,28.01,40.62,377.14,2262.56,27.83,89.34,45.15,37.93
17/1/2024,28.59,52.21,749.93,9692.37,23.31,77.85,87.39,53.58
18/1/2024,28.63,59.08,294.94,10348.09,27.16,62.85,54.24,101.23
19/1/2024,26.97,78.07,330.19,11783.27,23.5,72.39,92.53,189.64
20/1/2024,28.84,31.15,163.4,3325.58,27.34,74.18,56.01,196.04
21/1/2024,27.1,63.17,670.51,6408.07,26.57,82.67,54.93,165.45
22/1/2024,28.89,87.41,145.71,8909.76,24.24,78.34,64.87,186.11
23/1/2024,29.6,33.73,364.35,4672.29,25.22,85.8,53.15,89.08
24/1/2024,28.85,54.61,587.93,4613.54,20.53,79.42,95.25,59.71
25/1/2024,27.95,38.19,134.77,1952.34,25.1,79.36,55.19,84.56
26/1/2024,28.98,57.43,517.97,3536.16,26.16,73.6,68.97,66.44
27/1/2024,27.57,66.89,727.02,11009.01,21.36,81.83,40.53,161.05
28/1/2024,29.15,73.68,197.6,3904.32,17.44,78.3,54.7,177.07
29/1/2024,26.59,62.18,115.51,11060.43,24.02,68.32,72.78,50.52
30/1/2024,26.56,86.66,154.36,6901.18,22.83,80.39,78.62,188.5
31/1/2024,29.47,60.56,587.43,11447.66,26.57,80.29,57.4,65.61
1/2/2024,33.99,68.91,132.88,8138.82,17.65,80.41,86.77,57.23
2/2/2024,31.53,57.62,431.36,14753.4,22.99,86.57,99.37,64.46
3/2/2024,32.27,83.88,368.92,8660.54,16.54,61.5,55.42,33.1
4/2/2024,32.61,56.47,289.34,9055.59,20.84,65.13,58.66,175.17
5/2/2024,31.13,40.95,497.74,13461.77,23.44,63.57,91.09,192.65
6/2/2024,29.58,69.19,538.66,14552.95,17.27,80.56,68.9,156.44
7/2/2024,30.82,69.81,725.78,9881.58,25.52,73.5,96.46,192.87
8/2/2024,31.77,74.69,539.79,11252.4,19.01,72.84,86.94,181.56
9/2/2024,29.88,85.44,217.55,6054.62,23.44,80.43,99.04,53.67
10/2/2024,35.09,80.17,617.25,12141.48,15.4,61.12,56.43,104.22
11/2/2024,31.96,61.09,647.82,4925.61,22.24,70.16,93.6,92.61
12/2/2024,30.28,69.85,382.34,6281.71,21.62,86.98,69.92,161.84
13/2/2024,33.43,85.57,121.19,9584.49,20.72,70.31,53.75,30.05
14/2/2024,29.94,64.67,780.06,5541.79,14.24,85.45,48.01,156.82
15/2/2024,32.37,50.6,253.61,10797.16,20.54,77.22,60.19,199.39
16/2/2024,34.37,33.44,272.94,14892.45,19.4,77.9,97.46,99.77
17/2/2024,32.95,47.74,731.63,7461.85,19.81,88.46,92.1,156.8
18/2/2024,32.62,79.73,675.79,14508.17,16.92,71.57,72.04,83.74
19/2/2024,31.38,30.4,112.03,14332.86,18.63,73.95,47.99,51.62
20/2/2024,29.63,66.42,640.55,5275.06,19.68,81.53,48.33,85.94
21/2/2024,31.95,87.81,725.73,8799.73,26.39,62.69,49.3,148.91
22/2/2024,34.65,35.37,433.35,14714.81,24.42,65.97,81.16,36.16
23/2/2024,32.48,35.05,341.73,9908.41,16.67,89.91,90.36,124.58
24/2/2024,34.11,55.5,921,8040.7,23,85.42,87.36,145.44
25/2/2024,35.23,74.71,600.71,3438.95,19.18,61.8,94.84,151.85
26/2/2024,29.84,85.35,214.46,3648.51,25.44,81.97,54.01,149.01
27/2/2024,33.09,34.42,768.12,3027.34,25.43,87.4,83.73,179.11
28/2/2024,32.05,47.89,327.17,4579.93,19.49,72.32,98.06,86.99
29/2/2024,32.41,68.01,346.12,4828.4,19.29,64.45,84.81,58.46
1/3/2024,32.15,73.02,960.69,10188.7,23.08,67.21,51.17,180.79
2/3/2024,34.62,38.66,780.37,14972.84,18.02,75.1,45.62,53.3
3/3/2024,35.77,82.89,800.78,4165.44,24.09,86.85,84.18,153.65
4/3/2024,32.99,64.15,327.38,13509.11,19.87,71.93,73.52,170.49
5/3/2024,31.32,58.34,968.41,14506.25,27,72.79,95.07,86.55
6/3/2024,33.73,60.1,132.9,11648.35,25.77,63.66,95.91,42.03
7/3/2024,37.15,84.35,765.41,11015.38,23.7,88.67,70.41,161.41
8/3/2024,33.55,77.05,613.65,12015.78,24.49,72.17,95,162.6
9/3/2024,37.3,48.29,791.25,8757.17,22.62,82.55,77.12,116.23
10/3/2024,34.88,39.55,429.2,8465.34,28.41,82.13,61.72,143.56
11/3/2024,32.35,63.67,621,12397.51,26.33,71.43,83.96,165.15
12/3/2024,34.05,74.49,832.05,13184.95,20.07,81.78,85.8,138.51
13/3/2024,37.14,72.78,663.04,11992.01,22.67,69.65,52.83,54.84
14/3/2024,30.53,81.08,665.1,9219.41,23.57,77.26,66.87,58.45
15/3/2024,31,65.21,578.8,2042.21,24,87.93,79.39,161.47
16/3/2024,32.09,45.91,641.24,9374.86,23.55,71.95,94.59,150.06
17/3/2024,35.13,30.65,307.8,2090.38,24.28,79.4,78.55,167.08
18/3/2024,31.25,89.79,203.82,3133.13,25.35,78.73,92.69,59.62
19/3/2024,33.92,49.22,824.57,5867.93,25.57,76.92,46.22,47.64
20/3/2024,32.53,83.64,112.08,3839.97,27.52,78.66,44.61,67.67
21/3/2024,37.41,84.33,149.1,10536.72,23.64,69.41,64.8,131.55
22/3/2024,31.46,76.63,761.72,3487.95,22.69,72.9,71.91,186.56
23/3/2024,34.84,79.9,362.59,6244.06,17.82,70.02,82.39,80.65
24/3/2024,31.59,35.22,654.56,3976.88,19.83,71.47,62.92,100.45
25/3/2024,33.78,53.87,609.41,8438.62,22.78,68.32,76.15,58.37
26/3/2024,31.39,34.2,577.14,15989.81,23.4,76.31,54.36,47.07
27/3/2024,32.25,56.29,528.19,4488.27,24.53,61.59,71.76,166.66
28/3/2024,33.82,76.96,995.41,9717.31,27.44,88.72,64.66,131.37
29/3/2024,33.87,49.79,839.69,4420.78,19.44,63.02,87.44,88.16
30/3/2024,33.45,66.73,775.12,4896.71,17.26,87.5,75.27,93.48
31/3/2024,35.07,73.44,776.94,2458.82,21.76,60.56,90.07,121.35
1/4/2024,30.66,32.18,848.24,12980.5,19.98,74.95,84.31,42.73
2/4/2024,32.83,77.92,605.71,9220.68,22.04,60.83,97.36,67.61
3/4/2024,34.19,60.54,517.21,14112.38,18.48,63.3,77.5,45.97
4/4/2024,30.04,50.08,263.13,9305.72,17.32,60.41,96.98,143.4
5/4/2024,33.96,31.06,359.35,8080.59,18,81.13,88.34,47.69
6/4/2024,30.32,75.67,416.77,11467.53,18.99,76.14,89.21,103.01
7/4/2024,33,58.15,765.09,13262.99,26.82,61.16,99.12,148.91
8/4/2024,31.32,68.09,337.6,13398.94,21.9,72.05,45.93,127.48
9/4/2024,34.01,52.09,452.57,11808.82,27.13,62.24,60.23,198.93
10/4/2024,34.66,46.36,895.26,3771.11,25.4,62.66,47.93,60.2
11/4/2024,31.31,60.09,271,4980.29,21.62,85.52,97.22,195.98
12/4/2024,33.71,56.1,619.68,7069.39,16.69,82.65,55.91,172.71
13/4/2024,30.05,68.44,243.35,11908.51,20.68,88.18,51.07,149.61
14/4/2024,34.45,35.73,496.58,8633.23,21.27,74.26,48.75,161.67
15/4/2024,33.43,67.42,483.93,13028.59,17.47,86.72,87.54,32.04
16/4/2024,35.07,58.23,576.81,13699.04,22.86,63.69,90.86,49.72
17/4/2024,34.24,62.54,223.48,5597.17,29.15,71.56,76.13,126.98
18/4/2024,33.23,48.81,651.85,12885.71,21.17,72.64,56.04,80.42
19/4/2024,34.06,67.33,653.71,4962.55,22.22,76.85,49.69,153.74
20/4/2024,31.49,47.91,812.65,9165.95,19.2,86.54,88.59,35.64
21/4/2024,33.1,51.12,533.86,8863.11,22.92,74.75,51.83,164.36
22/4/2024,33.39,49.73,718.71,14820.82,17.59,63.95,75.61,101.07
23/4/2024,35.11,61.4,430.44,3958.27,25.96,67.37,41.24,117.15
24/4/2024,31.04,87.37,759.4,10537.72,24.88,88.49,42.09,169.28
25/4/2024,32.49,63.52,518.01,2818.48,23.02,87.97,56.94,53.27
26/4/2024,31.66,54.04,744.07,4449.23,24.04,65.66,70.07,124.32
27/4/2024,30.07,83.84,732.62,5102.97,25.08,71.73,90.35,133.64
28/4/2024,32.18,30.38,701.7,9700.46,20.39,82.68,93.89,72.48
29/4/2024,33.18,77.11,886.97,5897.21,24.22,83.49,97.07,107.87
30/4/2024,35.26,68.6,428.61,3269.22,21.34,68.18,47.51,169.27
1/5/2024,26.74,66.9,403.4,2330.35,26.4,88.35,93.57,136.03
2/5/2024,29.29,69.03,618.33,3406.52,18.92,63.82,62.3,197.51
3/5/2024,28.51,66.31,640.48,2506.87,19.56,88.82,44.4,52.61
4/5/2024,27.56,72.63,241.09,3039.33,24.68,72.45,53.27,158.55
5/5/2024,29.43,61.36,463.44,8582.43,21.6,89.24,86.58,63.51
6/5/2024,28.01,53.16,639.15,3082.33,21.37,86.39,53.95,125.02
7/5/2024,29.69,56.02,678.42,10760.43,26.54,89.24,77.57,94.15
8/5/2024,29.88,30.45,598.83,5407.15,20.31,60.63,55.19,150.36
9/5/2024,29.68,61.51,727.94,7936.3,17.23,89.46,74.21,125.74
10/5/2024,26.73,49.6,179.81,10030.92,23.06,63.65,99.7,62.07
11/5/2024,28.33,65.43,508.18,8353.68,15.78,69.47,46.33,169.44
12/5/2024,29.56,36.13,210.82,11457.09,25.63,68.81,94.56,136.62
13/5/2024,27.31,33.39,542.62,6183.75,20.81,87.05,61.07,109.51
14/5/2024,29.87,87.04,391.59,9502.27,21.93,89.05,49.52,186.88
15/5/2024,27.97,53.44,730.69,7117.62,23.36,76.69,45.25,193.53
16/5/2024,29.14,74.82,120.04,1567.81,18.48,81.11,47.84,166.94
17/5/2024,27.96,65.65,374.79,7157.44,20.78,76.24,62.18,164.66
18/5/2024,28.34,54.47,516,3344.98,22.59,77.02,81.36,82.16
19/5/2024,27.64,51.82,202.89,3452.31,22.69,87.74,97.56,193.88
20/5/2024,28.62,56.86,748.83,6087.06,25.65,67.39,57.87,61.61
21/5/2024,29.69,88.83,263.89,11277.63,19.45,60.72,78.8,118.42
22/5/2024,28.86,37.23,699.15,8500.12,16.54,73.17,48.58,148.04
23/5/2024,28.85,48.02,323.56,5135.99,20.12,68.43,92.55,189.24
24/5/2024,27.08,51.03,392.33,9669.69,29.3,65.11,53.5,64.88
25/5/2024,28.42,31.38,685.89,4307.02,23.83,72.63,74.07,109.37
26/5/2024,28.31,40.87,272.85,4923.92,25.36,62.68,87.23,160.72
27/5/2024,28.08,77.1,581.05,10238.81,26.29,76.74,82.18,104.9
28/5/2024,28.96,43.18,399.54,7653.77,20.74,70.16,62.49,162.35
29/5/2024,29.48,80.49,480,2077.77,21.18,77.96,51.63,178.76
30/5/2024,28.11,69.11,178.37,10954.18,28.2,84.14,54.62,155.09
31/5/2024,29.81,72.95,268.42,10514.69,19.67,81.87,78.1,140.31
1/6/2024,22.49,38.62,487.02,6429.83,15.03,87.54,58.9,39.52
2/6/2024,22.49,86.41,490.13,3000.94,22.3,83.81,64.41,82.17
3/6/2024,22.49,42.03,231.3,4193.62,20.96,81.17,81.73,112.45
4/6/2024,22.49,80.4,442.6,2918.12,23.59,84.87,82.36,188.07
5/6/2024,22.49,87.75,77.5,2295.17,25.83,78.85,60.18,190.75
6/6/2024,22.49,49.6,154.41,6850.75,29.58,73.52,99.71,198.46
7/6/2024,22.49,31.84,492.05,6395.2,16.8,63.49,98.06,109.34
8/6/2024,22.49,89.75,382.72,4655.42,21.12,61.16,99.06,77.96
9/6/2024,22.49,35.48,86.7,2918.14,15.43,66.82,49.06,60.48
10/6/2024,22.49,68.12,473.26,4413.72,20.55,63.77,89.8,90.91
11/6/2024,22.49,39.56,268.8,3789.36,22.02,77.9,75.14,110.05
12/6/2024,22.49,39.55,265.28,5851.97,20.48,81.29,61.62,51.86
13/6/2024,22.49,33.21,176.51,5668.92,26.34,82.61,47.79,188.3
14/6/2024,22.49,66.76,313.36,6764.47,24.89,72.53,72.19,183.08
15/6/2024,22.49,40.09,94.01,1188.64,25.48,77.9,53.62,136.11
16/6/2024,22.49,74.81,203.74,6805.66,17.21,64.41,50.35,75.79
17/6/2024,22.49,65,470.34,5115.22,29.44,78.38,88.53,181.16
18/6/2024,22.49,89.14,404.74,3211.82,28.97,85.09,63.83,98.32
19/6/2024,22.49,50.36,166,3181.14,23.11,84.49,47.88,181.64
20/6/2024,22.49,52.84,170.2,2749.21,20.42,82.14,54.55,81.34
21/6/2024,22.49,54.19,79.37,3054.91,20.51,88.01,55.8,156.38
22/6/2024,22.49,64.77,389.38,7848.18,30.65,66.19,91.5,143.22
23/6/2024,22.49,38.41,312.26,2322.14,16.34,81.37,70.09,83.19
24/6/2024,22.49,70.42,286.78,1680.06,20.28,62.64,87.15,110.49
25/6/2024,22.49,72.86,495.67,1334.01,16.75,61.76,87.13,188.96
26/6/2024,22.49,84.28,191.02,2863.69,20.54,76.65,91.11,170.31
27/6/2024,22.49,53.18,211.7,7811.55,25.01,65.83,55.27,113.84
28/6/2024,22.49,47.7,182.34,7919.6,23.29,70.46,49.95,129.52
29/6/2024,22.49,74.43,356,2002.81,21.53,63.55,97.33,192.12
30/6/2024,22.49,41.03,350.38,7656.12,19.27,69.33,80.33,173.89
1/7/2024,17.05,51.05,151.16,9040.04,25.59,87.2,91.77,34.23
2/7/2024,16.55,49.41,182.47,5375.2,21.86,61.68,87.36,143.51
3/7/2024,17.49,46.63,602.28,4460.09,23.7,66.04,96.81,152.35
4/7/2024,16.63,56.19,743.72,6841.57,21.17,61.13,71.7,39.15
5/7/2024,18.31,67.04,332.36,6211.57,23.15,63.62,79.02,121.65
6/7/2024,16.14,43.7,288.47,9446.14,20.45,69.15,51.19,163.85
7/7/2024,16.84,32.1,250.12,10462.87,21.24,78.73,90.71,116.11
8/7/2024,16.74,83.81,749.14,8726.58,18.14,84.43,57.1,70.49
9/7/2024,17.29,61.72,213.07,4393.07,24.49,67.77,48.69,92.26
10/7/2024,15.05,34.93,315.84,10449.17,26.09,78.85,43.27,33.89
11/7/2024,15.24,77.1,183.92,4019.87,19.76,61.57,67.99,190.92
12/7/2024,17.17,62.04,112.68,6218.77,20.23,83.77,44.84,162.77
13/7/2024,16.35,58.35,390.03,11024.5,22.37,63.91,65.77,134.48
14/7/2024,15.16,87.3,303.42,10228.23,28.49,62.59,71.81,154.26
15/7/2024,18.15,86.13,181.4,5700.67,16.56,72.54,87.96,180.75
16/7/2024,16.34,79.46,163.35,9635.86,24.15,78.9,92.67,162.06
17/7/2024,17.63,72.13,614.93,5991.22,25.22,69.78,46.18,111.13
18/7/2024,17.77,40.55,139.95,8167.04,20.06,63.6,89.97,108.58
19/7/2024,16.48,74.38,333.74,3918.76,13.49,86.95,73.43,174.41
20/7/2024,17.26,47.07,729.85,4883.8,19.5,64.49,99.51,171.05
21/7/2024,17.57,83.45,128.91,7003.93,24.01,72.45,97.67,32.03
22/7/2024,17.23,41.54,392.27,6339.07,19.01,87.53,58.71,71.75
23/7/2024,15.7,84.47,182.52,4337.77,20.31,62.02,64.33,125.92
24/7/2024,16.73,52.83,670.44,8717.79,29.07,87.89,61.18,158.73
25/7/2024,17.64,69.95,514.86,6877.38,27.23,61.3,81.44,132.65
26/7/2024,17.88,37.1,645.99,2593.54,24.3,89.88,76.48,96.89
27/7/2024,16.12,48.55,123.69,5441.62,21.23,71.66,54.76,142.62
28/7/2024,17.39,80.6,367.43,11860.46,17.96,85.04,57.4,61.96
29/7/2024,17.18,76.84,414.53,10140.57,18.26,81.19,81.27,100.56
30/7/2024,17.65,43.66,235.01,8003.4,30.19,68.1,61.93,197.51
31/7/2024,15.35,30.38,679.3,10404.55,22.14,82.92,87.48,102
1/8/2024,14.44,64.43,852.27,7786.61,21.48,83.86,57.87,138.64
2/8/2024,10.4,71.09,229.98,11318.48,18.03,79.16,43.86,187.01
3/8/2024,15.08,68.37,743.41,7582.92,25.35,81.69,93.07,99.23
4/8/2024,11.95,57.68,141.14,3349.26,20.86,87.6,76.24,152.82
5/8/2024,13.77,61.21,490.9,13331.78,24.27,84.1,49.8,124.17
6/8/2024,14.14,38.03,920.49,9046.87,20.97,70.41,43.55,92.59
7/8/2024,9.92,50.88,549.94,4260.08,23.99,84.36,98.73,82.86
8/8/2024,15.52,81.56,93.67,14246.71,19.43,72.55,40.04,189.76
9/8/2024,12.18,51.37,413.42,7766.93,22.12,87.4,42.12,112.84
10/8/2024,13.48,54.43,735.72,6904.22,22.62,62.97,79.07,171.15
11/8/2024,13.91,47.87,636.4,11972.31,25.27,81.28,46.65,60.73
12/8/2024,11.63,58.79,417.36,5933.87,23.08,88.92,59.06,94.27
13/8/2024,10.37,35.71,318,6265.31,26.47,88.49,87.56,55.92
14/8/2024,12.58,32.52,725.62,10607.21,26.51,87.32,78.36,117.7
15/8/2024,11.92,88.09,751.93,9134.54,25.73,70.75,53.78,176.5
16/8/2024,11.24,51.83,362.83,3684.33,26.3,76.11,65.44,195.02
17/8/2024,10.84,73.88,823.18,4184.25,21.96,80.83,89.1,34.43
18/8/2024,10.43,32.34,789.55,8309.29,24.5,69.42,81.01,199.46
19/8/2024,13.99,47.47,498.79,13808.06,21.47,70.11,75.93,106.57
20/8/2024,10.06,82.27,911.9,12349.3,18.7,74.78,63.93,189.95
21/8/2024,9.52,86.81,269.43,5918.47,18.82,83.8,45.16,157.06
22/8/2024,9.77,30.2,866.66,6636.63,19.08,69.65,58.67,170.32
23/8/2024,12.68,82.76,846.21,12910.53,22.54,65.84,40.23,143.39
24/8/2024,10.14,77,852.03,3370.9,23.69,76.97,86.07,172.91
25/8/2024,12.16,82.11,277.04,5118.62,21.72,64.85,69.7,149.83
26/8/2024,14.79,80.37,149.63,13831.8,27.93,62.57,72.69,112.27
27/8/2024,15.2,62.33,719.76,3136.91,19.09,76.01,80.59,83.46
28/8/2024,13.38,75.13,721.06,8330.42,18.32,79.61,52.79,187.87
29/8/2024,10.93,70.06,805.44,14736.32,25.01,86.93,74.54,54.34
30/8/2024,11.74,46.35,807.36,14818.71,17.17,67.92,83.86,172.04
31/8/2024,9.5,83.79,874.61,9095.55,23.77,78.34,57.28,102.78
1/9/2024,7.9,32.04,565.93,8672.42,20.85,89.91,51.15,195.32
2/9/2024,8.04,69.02,512.49,4147.19,20.12,66.91,85.36,66.3
3/9/2024,12.88,35.28,782.3,12562.73,22.11,65.39,95.56,68.95
4/9/2024,9.07,78.31,142.29,13979.94,14.13,64.14,93.42,61.65
5/9/2024,7.85,76.51,837.69,9615.28,21.56,81.21,91.71,32.13
6/9/2024,11.42,68.87,139.96,8560.7,16.42,76.88,91.62,36.62
7/9/2024,8.8,63.78,287.62,5152.04,16.9,60.97,45.47,198.42
8/9/2024,7.77,41.32,422.91,14092.77,24.16,85.41,93.6,98.77
9/9/2024,9.66,46.26,277.15,2053.66,21.56,65.63,98.52,55.35
10/9/2024,10.08,51.16,353.78,13797.43,23.53,63.15,68.68,101.64
11/9/2024,10.44,30.26,234.51,5567.01,19.78,74.23,51.05,126.41
12/9/2024,9.77,75.5,431.33,5885.73,15.46,64.14,59.94,48.62
13/9/2024,9.55,67.4,687.02,14923.7,24.85,78.79,83.34,53.49
14/9/2024,10.71,30.72,822.71,12262.42,22.8,86.65,89.58,59.65
15/9/2024,9.07,66.86,102.11,13748.08,16.52,60.1,64.74,36.85
16/9/2024,13.96,64.65,707,12915.23,27.92,71.71,84.74,167.3
17/9/2024,8.91,84.76,500.37,15590.17,25.29,82.42,85.93,179.02
18/9/2024,13.22,30.23,178.01,2928.25,19.13,78.68,51.73,83.88
19/9/2024,12.82,39.83,498.56,10352.31,26.05,68.73,91.22,145.86
20/9/2024,12.99,57.33,185.16,11078.1,19.5,81.37,96.31,101.36
21/9/2024,7.82,84.47,655.46,13433.57,15.8,87.93,54.87,55.63
22/9/2024,7.78,60.83,424.1,13526.3,22.09,65.44,50.52,147.79
23/9/2024,12.97,34.13,564.9,6184.1,25.22,63.07,88.14,186.83
24/9/2024,11.01,38.68,742.88,10752.6,21.53,71.57,40.7,158.97
25/9/2024,8.49,30.04,285.16,11511.53,26.8,89.25,46.25,85.68
26/9/2024,12.63,53.04,304.92,9033.35,21.3,69.26,64.14,174.82
27/9/2024,9.82,59.73,698.93,3745.78,25.46,80.15,67.68,74.98
28/9/2024,14.2,30.33,555.41,12779.4,28.92,66.59,60.86,198.91
29/9/2024,12.81,50.27,740.58,9149.29,18.54,67.97,81.71,65.01
30/9/2024,10.35,47.68,629.93,13878.81,17.05,63.97,75.23,123.85
1/10/2024,11.87,40.81,655.4,3969.55,19.91,77.83,40.16,71.6
2/10/2024,10.46,58.85,754.32,10363.5,15.77,75.68,65.19,157.97
3/10/2024,11.82,61.92,139.69,7267.52,28.58,80.32,94.15,83.12
4/10/2024,11.36,48.2,789.91,8280.63,22.4,68.41,59.39,134.07
5/10/2024,12.77,59.92,198.91,13290.83,25.41,80.55,46.18,47.59
6/10/2024,13.41,61.06,577.88,3027.64,14.35,75.08,90.93,130.47
7/10/2024,12.3,47.15,722.02,12718.71,27.09,88.98,67.3,61.08
8/10/2024,15.17,69.32,893.43,12305.14,17.71,74.66,86.35,42.26
9/10/2024,13.47,76.52,893.06,8008.01,19.41,75.97,93.05,195.29
10/10/2024,10.98,59.93,555.14,5697.86,22.83,74.29,76.45,179.52
11/10/2024,14.13,89.01,787.78,9502.15,24.19,77.3,74.46,57.32
12/10/2024,11.95,60.26,311.04,4295.71,23.03,86.94,73.73,102.92
13/10/2024,15.36,80.53,468.87,10313.86,19.05,77.99,97.71,190.44
14/10/2024,12.67,55.71,825.79,7320.77,22.46,65.77,47.65,119.69
15/10/2024,14.56,55.22,498.41,12878.9,20.71,63.79,53.97,190.14
16/10/2024,13.53,85.12,99.76,3885.15,21.44,65.3,57.11,45.16
17/10/2024,14.73,66.84,674.69,13714,27.03,86.7,60.49,131.68
18/10/2024,13.21,56.88,415.02,11190.96,21.3,78.1,49.11,79.19
19/10/2024,10.46,32.67,478.73,14008.98,18.3,87.91,97.43,61.68
20/10/2024,12.27,88.44,178.24,10211.41,21.38,89.11,77.19,138.67
21/10/2024,13.01,38.38,416.53,2138.29,15.4,70.77,59.72,156.43
22/10/2024,10.91,62.29,391.96,8243.63,21.79,73.16,71.92,72.18
23/10/2024,9.63,64.83,802.81,4561.47,23.24,70.96,69.32,157.6
24/10/2024,10.45,41.51,738.26,10212.12,18.57,68.15,67.25,134.42
25/10/2024,12.63,69.92,167.57,3083.78,18.4,63.54,63.74,166.3
26/10/2024,10.42,51.97,635.39,12128.43,20.77,71.36,52.81,187.31
27/10/2024,11.46,38.73,551.5,9194.11,20.81,75.81,98.08,135.79
28/10/2024,11.04,82.14,813.38,13097.93,22.13,65.28,53.77,187.07
29/10/2024,13.55,69.07,281.39,5389.24,25.29,64.15,99.52,66.42
30/10/2024,14.12,37.36,367.14,7525.54,19.29,73.53,81.57,71.27
31/10/2024,11.32,43.84,782.01,4428.4,23.97,71.19,74.46,147.86
1/11/2024,17.99,60.05,108.95,9115.76,20.51,86.92,71.85,161.18
2/11/2024,15.58,80.27,90.51,9061.2,21.28,61.98,67.09,133.35
3/11/2024,15.09,47.69,252.7,2430.91,27.57,69.79,88.19,131.39
4/11/2024,17.33,83.27,480.98,9941.74,21.11,61.7,77.68,127.24
5/11/2024,18.32,87.13,216.69,4120.31,26.79,86.88,79.76,44.67
6/11/2024,15.84,53.16,405.4,4215.47,14.46,78.94,89.98,178.52
7/11/2024,15.53,82.38,108.91,7751.39,23.4,82.26,66.22,63.59
8/11/2024,15.36,77.82,350.07,2344.09,22.66,63.29,79.24,93.01
9/11/2024,16.19,71.99,404.18,8868.94,28.16,76.47,43.55,129.25
10/11/2024,15.29,74.33,187.23,10525.68,18.07,81,62.94,74.78
11/11/2024,15.27,54.62,118.77,5085.68,24.3,64.38,91.54,81.66
12/11/2024,15.72,88.28,420.04,10287.79,19.98,77.08,76.08,191.43
13/11/2024,17.89,57,388.07,9609.7,25,65.59,94.53,165.43
14/11/2024,15.06,53.3,513.11,1790.4,19.63,85.8,53.39,132.26
15/11/2024,15.24,41.29,585.2,1918.57,19.44,60.64,99.9,138.67
16/11/2024,17.97,89.31,153.03,5865.91,22.3,89.81,50.44,124.58
17/11/2024,15.93,82.08,475.74,6555.55,25.23,68.46,43.26,39.81
18/11/2024,17.2,85.61,104.42,5205.06,21.75,89.57,48.97,157.38
19/11/2024,16,49.33,719.48,4466.89,18.38,79.51,69.61,30.96
20/11/2024,15.36,33.95,333.83,9126.87,25.67,60.86,93.97,188.7
21/11/2024,17.88,84.01,331.5,3778.29,17.22,76.81,72.14,154.71
22/11/2024,16.15,68.69,648.03,11667.31,27.43,75.27,48.51,58.09
23/11/2024,16.92,67.29,320.23,1682.64,26.94,81.32,72.86,141.82
24/11/2024,16.55,55.2,207.01,2862.28,20.21,67.21,93.25,149.58
25/11/2024,17.99,43.06,711.55,4100.51,22.25,72.78,78.2,197.27
26/11/2024,15.25,74.81,128.15,4991.38,20.07,68.29,58.52,35.47
27/11/2024,17.83,69.54,254.33,1904.57,20.94,74.45,67.46,31.03
28/11/2024,18.04,61.5,331.43,4893.78,21.85,76.42,63.55,44.01
29/11/2024,17.3,57.37,260.68,2391.58,20.63,80.53,53.76,132.16
30/11/2024,16.41,77.86,210.07,10502.87,15.16,75.05,72.21,120.85
1/12/2024,22.49,63.3,459.34,5716.54,22.18,77.66,58.16,73.3
2/12/2024,22.49,70.19,397.2,5211.01,15.07,79.35,54.39,105.43
3/12/2024,22.49,88.16,149.48,6534.6,27.05,60.13,49.49,41.81
4/12/2024,22.49,68.81,334.81,6824.07,20.4,85.46,41.8,101.67
5/12/2024,22.49,40.27,292.09,1131.15,15.16,74.17,94.28,183.59
6/12/2024,22.49,76.59,396.82,7310.38,25.04,78.89,75.05,143.51
7/12/2024,22.49,82.95,124.01,5894.25,15.55,82.17,65.42,128.28
8/12/2024,22.49,87.84,431.79,6490.96,23.48,85.69,94.47,198.46
9/12/2024,22.49,85.95,344.3,3106.85,15.05,87.69,98.42,80.39
10/12/2024,22.49,65.21,79.84,6934.73,14.92,69.75,98.87,89.21
11/12/2024,22.49,52.29,102.66,6311.69,21.96,69.17,78.52,90.43
12/12/2024,22.49,86.27,176.21,5903.03,26.68,68.17,97.64,48.95
13/12/2024,22.49,79.33,201.61,3310.76,19.86,68.72,51.98,155.27
14/12/2024,22.49,30.01,349.79,5022.9,20.97,61.78,40.26,100.1
15/12/2024,22.49,44.95,478.58,3447.71,22.08,82.51,84.69,76.65
16/12/2024,22.49,62.97,74.12,7614.19,30.05,88.98,61.5,43.95
17/12/2024,22.49,81.37,153.74,5259.16,15.47,61.44,50.43,142.03
18/12/2024,22.49,30.47,188.47,7423.65,23.08,88.51,54.08,76.28
19/12/2024,22.49,82.18,413.63,6959.4,19.6,63.17,87.65,126.36
20/12/2024,22.49,67.51,292.38,3516.61,22.83,67.63,51.62,75.94
21/12/2024,22.49,66.03,131.85,2331.24,27.86,65.11,83.27,62.9
22/12/2024,22.49,36.93,492.47,2906.37,18.72,87.85,91.17,73.18
23/12/2024,22.49,35.6,232.03,5224.7,29.93,85.15,62.49,179.5
24/12/2024,22.49,70.54,145.36,3675.53,26.36,81.01,47.95,67.98
25/12/2024,22.49,42.9,407.69,1434.34,19.55,73.26,62.21,164.7
26/12/2024,22.49,42.45,205.37,7491.15,16.19,88.9,68.53,188.59
27/12/2024,22.49,68.34,141.61,4721.72,22.78,87.5,86.71,168.41
28/12/2024,22.49,71.01,354.06,3018.95,19.51,89.84,78.6,54.21
29/12/2024,22.49,81.45,473.77,2287.87,18.02,76.03,69.53,179.41
30/12/2024,22.49,46.76,110.44,1759.69,27.28,67.23,45.8,150.89
31/12/2024,22.49,59.31,124.19,3970.05,25.99,72.26,55.06,135.83
